conductor_id,depot_id,pen,name,phone,status,data_source
C0001,D001,PEN-MOCK-0001,Mock Conductor 0001,+91900000001,ACTIVE,MOCK
C0002,D001,PEN-MOCK-0002,Mock Conductor 0002,+91900000002,ACTIVE,MOCK
C0003,D001,PEN-MOCK-0003,Mock Conductor 0003,+91900000003,ACTIVE,MOCK
C0004,D001,PEN-MOCK-0004,Mock Conductor 0004,+91900000004,ACTIVE,MOCK
C0005,D001,PEN-MOCK-0005,Mock Conductor 0005,+91900000005,ACTIVE,MOCK
C0006,D001,PEN-MOCK-0006,Mock Conductor 0006,+91900000006,ACTIVE,MOCK
C0007,D001,PEN-MOCK-0007,Mock Conductor 0007,+91900000007,ACTIVE,MOCK
C0008,D001,PEN-MOCK-0008,Mock Conductor 0008,+91900000008,ACTIVE,MOCK
C0009,D001,PEN-MOCK-0009,Mock Conductor 0009,+91900000009,ACTIVE,MOCK
C0010,D002,PEN-MOCK-0010,Mock Conductor 0010,+91900000010,ACTIVE,MOCK
C0011,D002,PEN-MOCK-0011,Mock Conductor 0011,+91900000011,ACTIVE,MOCK
C0012,D002,PEN-MOCK-0012,Mock Conductor 0012,+91900000012,ACTIVE,MOCK
C0013,D002,PEN-MOCK-0013,Mock Conductor 0013,+91900000013,ACTIVE,MOCK
C0014,D002,PEN-MOCK-0014,Mock Conductor 0014,+91900000014,ACTIVE,MOCK
C0015,D002,PEN-MOCK-0015,Mock Conductor 0015,+91900000015,ACTIVE,MOCK
C0016,D002,PEN-MOCK-0016,Mock Conductor 0016,+91900000016,ACTIVE,MOCK
C0017,D002,PEN-MOCK-0017,Mock Conductor 0017,+91900000017,ACTIVE,MOCK
C0018,D002,PEN-MOCK-0018,Mock Conductor 0018,+91900000018,ACTIVE,MOCK
C0019,D003,PEN-MOCK-0019,Mock Conductor 0019,+91900000019,ACTIVE,MOCK
C0020,D003,PEN-MOCK-0020,Mock Conductor 0020,+91900000020,ACTIVE,MOCK
C0021,D003,PEN-MOCK-0021,Mock Conductor 0021,+91900000021,ACTIVE,MOCK
C0022,D003,PEN-MOCK-0022,Mock Conductor 0022,+91900000022,ACTIVE,MOCK
C0023,D003,PEN-MOCK-0023,Mock Conductor 0023,+91900000023,ACTIVE,MOCK
C0024,D003,PEN-MOCK-0024,Mock Conductor 0024,+91900000024,ACTIVE,MOCK
C0025,D003,PEN-MOCK-0025,Mock Conductor 0025,+91900000025,ACTIVE,MOCK
C0026,D003,PEN-MOCK-0026,Mock Conductor 0026,+91900000026,ACTIVE,MOCK
C0027,D003,PEN-MOCK-0027,Mock Conductor 0027,+91900000027,ACTIVE,MOCK
C0028,D004,PEN-MOCK-0028,Mock Conductor 0028,+91900000028,ACTIVE,MOCK
C0029,D004,PEN-MOCK-0029,Mock Conductor 0029,+91900000029,ACTIVE,MOCK
C0030,D004,PEN-MOCK-0030,Mock Conductor 0030,+91900000030,ACTIVE,MOCK
C0031,D004,PEN-MOCK-0031,Mock Conductor 0031,+91900000031,ACTIVE,MOCK
C0032,D004,PEN-MOCK-0032,Mock Conductor 0032,+91900000032,ACTIVE,MOCK
C0033,D004,PEN-MOCK-0033,Mock Conductor 0033,+91900000033,ACTIVE,MOCK
C0034,D004,PEN-MOCK-0034,Mock Conductor 0034,+91900000034,ACTIVE,MOCK
C0035,D004,PEN-MOCK-0035,Mock Conductor 0035,+91900000035,ACTIVE,MOCK
C0036,D004,PEN-MOCK-0036,Mock Conductor 0036,+91900000036,ACTIVE,MOCK
C0037,D005,PEN-MOCK-0037,Mock Conductor 0037,+91900000037,ACTIVE,MOCK
C0038,D005,PEN-MOCK-0038,Mock Conductor 0038,+91900000038,ACTIVE,MOCK
C0039,D005,PEN-MOCK-0039,Mock Conductor 0039,+91900000039,ACTIVE,MOCK
C0040,D005,PEN-MOCK-0040,Mock Conductor 0040,+91900000040,ACTIVE,MOCK
C0041,D005,PEN-MOCK-0041,Mock Conductor 0041,+91900000041,ACTIVE,MOCK
C0042,D005,PEN-MOCK-0042,Mock Conductor 0042,+91900000042,ACTIVE,MOCK
C0043,D005,PEN-MOCK-0043,Mock Conductor 0043,+91900000043,ACTIVE,MOCK
C0044,D005,PEN-MOCK-0044,Mock Conductor 0044,+91900000044,ACTIVE,MOCK
C0045,D005,PEN-MOCK-0045,Mock Conductor 0045,+91900000045,ACTIVE,MOCK
C0046,D006,PEN-MOCK-0046,Mock Conductor 0046,+91900000046,ACTIVE,MOCK
C0047,D006,PEN-MOCK-0047,Mock Conductor 0047,+91900000047,ACTIVE,MOCK
C0048,D006,PEN-MOCK-0048,Mock Conductor 0048,+91900000048,ACTIVE,MOCK
C0049,D006,PEN-MOCK-0049,Mock Conductor 0049,+91900000049,ACTIVE,MOCK
C0050,D006,PEN-MOCK-0050,Mock Conductor 0050,+91900000050,ACTIVE,MOCK
C0051,D006,PEN-MOCK-0051,Mock Conductor 0051,+91900000051,ACTIVE,MOCK
C0052,D006,PEN-MOCK-0052,Mock Conductor 0052,+91900000052,ACTIVE,MOCK
C0053,D006,PEN-MOCK-0053,Mock Conductor 0053,+91900000053,ACTIVE,MOCK
C0054,D006,PEN-MOCK-0054,Mock Conductor 0054,+91900000054,ACTIVE,MOCK
C0055,D007,PEN-MOCK-0055,Mock Conductor 0055,+91900000055,ACTIVE,MOCK
C0056,D007,PEN-MOCK-0056,Mock Conductor 0056,+91900000056,ACTIVE,MOCK
C0057,D007,PEN-MOCK-0057,Mock Conductor 0057,+91900000057,ACTIVE,MOCK
C0058,D007,PEN-MOCK-0058,Mock Conductor 0058,+91900000058,ACTIVE,MOCK
C0059,D007,PEN-MOCK-0059,Mock Conductor 0059,+91900000059,ACTIVE,MOCK
C0060,D007,PEN-MOCK-0060,Mock Conductor 0060,+91900000060,ACTIVE,MOCK
C0061,D007,PEN-MOCK-0061,Mock Conductor 0061,+91900000061,ACTIVE,MOCK
C0062,D007,PEN-MOCK-0062,Mock Conductor 0062,+91900000062,ACTIVE,MOCK
C0063,D007,PEN-MOCK-0063,Mock Conductor 0063,+91900000063,ACTIVE,MOCK
C0064,D008,PEN-MOCK-0064,Mock Conductor 0064,+91900000064,ACTIVE,MOCK
C0065,D008,PEN-MOCK-0065,Mock Conductor 0065,+91900000065,ACTIVE,MOCK
C0066,D008,PEN-MOCK-0066,Mock Conductor 0066,+91900000066,ACTIVE,MOCK
C0067,D008,PEN-MOCK-0067,Mock Conductor 0067,+91900000067,ACTIVE,MOCK
C0068,D008,PEN-MOCK-0068,Mock Conductor 0068,+91900000068,ACTIVE,MOCK
C0069,D008,PEN-MOCK-0069,Mock Conductor 0069,+91900000069,ACTIVE,MOCK
C0070,D008,PEN-MOCK-0070,Mock Conductor 0070,+91900000070,ACTIVE,MOCK
C0071,D008,PEN-MOCK-0071,Mock Conductor 0071,+91900000071,ACTIVE,MOCK
C0072,D008,PEN-MOCK-0072,Mock Conductor 0072,+91900000072,ACTIVE,MOCK
C0073,D009,PEN-MOCK-0073,Mock Conductor 0073,+91900000073,ACTIVE,MOCK
C0074,D009,PEN-MOCK-0074,Mock Conductor 0074,+91900000074,ACTIVE,MOCK
C0075,D009,PEN-MOCK-0075,Mock Conductor 0075,+91900000075,ACTIVE,MOCK
C0076,D009,PEN-MOCK-0076,Mock Conductor 0076,+91900000076,ACTIVE,MOCK
C0077,D009,PEN-MOCK-0077,Mock Conductor 0077,+91900000077,ACTIVE,MOCK
C0078,D009,PEN-MOCK-0078,Mock Conductor 0078,+91900000078,ACTIVE,MOCK
C0079,D009,PEN-MOCK-0079,Mock Conductor 0079,+91900000079,ACTIVE,MOCK
C0080,D009,PEN-MOCK-0080,Mock Conductor 0080,+91900000080,ACTIVE,MOCK
C0081,D009,PEN-MOCK-0081,Mock Conductor 0081,+91900000081,ACTIVE,MOCK
C0082,D010,PEN-MOCK-0082,Mock Conductor 0082,+91900000082,ACTIVE,MOCK
C0083,D010,PEN-MOCK-0083,Mock Conductor 0083,+91900000083,ACTIVE,MOCK
C0084,D010,PEN-MOCK-0084,Mock Conductor 0084,+91900000084,ACTIVE,MOCK
C0085,D010,PEN-MOCK-0085,Mock Conductor 0085,+91900000085,ACTIVE,MOCK
C0086,D010,PEN-MOCK-0086,Mock Conductor 0086,+91900000086,ACTIVE,MOCK
C0087,D010,PEN-MOCK-0087,Mock Conductor 0087,+91900000087,ACTIVE,MOCK
C0088,D010,PEN-MOCK-0088,Mock Conductor 0088,+91900000088,ACTIVE,MOCK
C0089,D010,PEN-MOCK-0089,Mock Conductor 0089,+91900000089,ACTIVE,MOCK
C0090,D010,PEN-MOCK-0090,Mock Conductor 0090,+91900000090,ACTIVE,MOCK
C0091,D011,PEN-MOCK-0091,Mock Conductor 0091,+91900000091,ACTIVE,MOCK
C0092,D011,PEN-MOCK-0092,Mock Conductor 0092,+91900000092,ACTIVE,MOCK
C0093,D011,PEN-MOCK-0093,Mock Conductor 0093,+91900000093,ACTIVE,MOCK
C0094,D011,PEN-MOCK-0094,Mock Conductor 0094,+91900000094,ACTIVE,MOCK
C0095,D011,PEN-MOCK-0095,Mock Conductor 0095,+91900000095,ACTIVE,MOCK
C0096,D011,PEN-MOCK-0096,Mock Conductor 0096,+91900000096,ACTIVE,MOCK
C0097,D011,PEN-MOCK-0097,Mock Conductor 0097,+91900000097,ACTIVE,MOCK
C0098,D011,PEN-MOCK-0098,Mock Conductor 0098,+91900000098,ACTIVE,MOCK
C0099,D011,PEN-MOCK-0099,Mock Conductor 0099,+91900000099,ACTIVE,MOCK
C0100,D012,PEN-MOCK-0100,Mock Conductor 0100,+91900000100,ACTIVE,MOCK
C0101,D012,PEN-MOCK-0101,Mock Conductor 0101,+91900000101,ACTIVE,MOCK
C0102,D012,PEN-MOCK-0102,Mock Conductor 0102,+91900000102,ACTIVE,MOCK
C0103,D012,PEN-MOCK-0103,Mock Conductor 0103,+91900000103,ACTIVE,MOCK
C0104,D012,PEN-MOCK-0104,Mock Conductor 0104,+91900000104,ACTIVE,MOCK
C0105,D012,PEN-MOCK-0105,Mock Conductor 0105,+91900000105,ACTIVE,MOCK
C0106,D012,PEN-MOCK-0106,Mock Conductor 0106,+91900000106,ACTIVE,MOCK
C0107,D012,PEN-MOCK-0107,Mock Conductor 0107,+91900000107,ACTIVE,MOCK
C0108,D012,PEN-MOCK-0108,Mock Conductor 0108,+91900000108,ACTIVE,MOCK
C0109,D013,PEN-MOCK-0109,Mock Conductor 0109,+91900000109,ACTIVE,MOCK
C0110,D013,PEN-MOCK-0110,Mock Conductor 0110,+91900000110,ACTIVE,MOCK
C0111,D013,PEN-MOCK-0111,Mock Conductor 0111,+91900000111,ACTIVE,MOCK
C0112,D013,PEN-MOCK-0112,Mock Conductor 0112,+91900000112,ACTIVE,MOCK
C0113,D013,PEN-MOCK-0113,Mock Conductor 0113,+91900000113,ACTIVE,MOCK
C0114,D013,PEN-MOCK-0114,Mock Conductor 0114,+91900000114,ACTIVE,MOCK
C0115,D013,PEN-MOCK-0115,Mock Conductor 0115,+91900000115,ACTIVE,MOCK
C0116,D013,PEN-MOCK-0116,Mock Conductor 0116,+91900000116,ACTIVE,MOCK
C0117,D013,PEN-MOCK-0117,Mock Conductor 0117,+91900000117,ACTIVE,MOCK
C0118,D014,PEN-MOCK-0118,Mock Conductor 0118,+91900000118,ACTIVE,MOCK
C0119,D014,PEN-MOCK-0119,Mock Conductor 0119,+91900000119,ACTIVE,MOCK
C0120,D014,PEN-MOCK-0120,Mock Conductor 0120,+91900000120,ACTIVE,MOCK
C0121,D014,PEN-MOCK-0121,Mock Conductor 0121,+91900000121,ACTIVE,MOCK
C0122,D014,PEN-MOCK-0122,Mock Conductor 0122,+91900000122,ACTIVE,MOCK
C0123,D014,PEN-MOCK-0123,Mock Conductor 0123,+91900000123,ACTIVE,MOCK
C0124,D014,PEN-MOCK-0124,Mock Conductor 0124,+91900000124,ACTIVE,MOCK
C0125,D014,PEN-MOCK-0125,Mock Conductor 0125,+91900000125,ACTIVE,MOCK
C0126,D014,PEN-MOCK-0126,Mock Conductor 0126,+91900000126,ACTIVE,MOCK
C0127,D015,PEN-MOCK-0127,Mock Conductor 0127,+91900000127,ACTIVE,MOCK
C0128,D015,PEN-MOCK-0128,Mock Conductor 0128,+91900000128,ACTIVE,MOCK
C0129,D015,PEN-MOCK-0129,Mock Conductor 0129,+91900000129,ACTIVE,MOCK
C0130,D015,PEN-MOCK-0130,Mock Conductor 0130,+91900000130,ACTIVE,MOCK
C0131,D015,PEN-MOCK-0131,Mock Conductor 0131,+91900000131,ACTIVE,MOCK
C0132,D015,PEN-MOCK-0132,Mock Conductor 0132,+91900000132,ACTIVE,MOCK
C0133,D015,PEN-MOCK-0133,Mock Conductor 0133,+91900000133,ACTIVE,MOCK
C0134,D015,PEN-MOCK-0134,Mock Conductor 0134,+91900000134,ACTIVE,MOCK
C0135,D015,PEN-MOCK-0135,Mock Conductor 0135,+91900000135,ACTIVE,MOCK
C0136,D016,PEN-MOCK-0136,Mock Conductor 0136,+91900000136,ACTIVE,MOCK
C0137,D016,PEN-MOCK-0137,Mock Conductor 0137,+91900000137,ACTIVE,MOCK
C0138,D016,PEN-MOCK-0138,Mock Conductor 0138,+91900000138,ACTIVE,MOCK
C0139,D016,PEN-MOCK-0139,Mock Conductor 0139,+91900000139,ACTIVE,MOCK
C0140,D016,PEN-MOCK-0140,Mock Conductor 0140,+91900000140,ACTIVE,MOCK
C0141,D016,PEN-MOCK-0141,Mock Conductor 0141,+91900000141,ACTIVE,MOCK
C0142,D016,PEN-MOCK-0142,Mock Conductor 0142,+91900000142,ACTIVE,MOCK
C0143,D016,PEN-MOCK-0143,Mock Conductor 0143,+91900000143,ACTIVE,MOCK
C0144,D016,PEN-MOCK-0144,Mock Conductor 0144,+91900000144,ACTIVE,MOCK
C0145,D017,PEN-MOCK-0145,Mock Conductor 0145,+91900000145,ACTIVE,MOCK
C0146,D017,PEN-MOCK-0146,Mock Conductor 0146,+91900000146,ACTIVE,MOCK
C0147,D017,PEN-MOCK-0147,Mock Conductor 0147,+91900000147,ACTIVE,MOCK
C0148,D017,PEN-MOCK-0148,Mock Conductor 0148,+91900000148,ACTIVE,MOCK
C0149,D017,PEN-MOCK-0149,Mock Conductor 0149,+91900000149,ACTIVE,MOCK
C0150,D017,PEN-MOCK-0150,Mock Conductor 0150,+91900000150,ACTIVE,MOCK
C0151,D017,PEN-MOCK-0151,Mock Conductor 0151,+91900000151,ACTIVE,MOCK
C0152,D017,PEN-MOCK-0152,Mock Conductor 0152,+91900000152,ACTIVE,MOCK
C0153,D017,PEN-MOCK-0153,Mock Conductor 0153,+91900000153,ACTIVE,MOCK
C0154,D018,PEN-MOCK-0154,Mock Conductor 0154,+91900000154,ACTIVE,MOCK
C0155,D018,PEN-MOCK-0155,Mock Conductor 0155,+91900000155,ACTIVE,MOCK
C0156,D018,PEN-MOCK-0156,Mock Conductor 0156,+91900000156,ACTIVE,MOCK
C0157,D018,PEN-MOCK-0157,Mock Conductor 0157,+91900000157,ACTIVE,MOCK
C0158,D018,PEN-MOCK-0158,Mock Conductor 0158,+91900000158,ACTIVE,MOCK
C0159,D018,PEN-MOCK-0159,Mock Conductor 0159,+91900000159,ACTIVE,MOCK
C0160,D018,PEN-MOCK-0160,Mock Conductor 0160,+91900000160,ACTIVE,MOCK
C0161,D018,PEN-MOCK-0161,Mock Conductor 0161,+91900000161,ACTIVE,MOCK
C0162,D018,PEN-MOCK-0162,Mock Conductor 0162,+91900000162,ACTIVE,MOCK
C0163,D019,PEN-MOCK-0163,Mock Conductor 0163,+91900000163,ACTIVE,MOCK
C0164,D019,PEN-MOCK-0164,Mock Conductor 0164,+91900000164,ACTIVE,MOCK
C0165,D019,PEN-MOCK-0165,Mock Conductor 0165,+91900000165,ACTIVE,MOCK
C0166,D019,PEN-MOCK-0166,Mock Conductor 0166,+91900000166,ACTIVE,MOCK
C0167,D019,PEN-MOCK-0167,Mock Conductor 0167,+91900000167,ACTIVE,MOCK
C0168,D019,PEN-MOCK-0168,Mock Conductor 0168,+91900000168,ACTIVE,MOCK
C0169,D019,PEN-MOCK-0169,Mock Conductor 0169,+91900000169,ACTIVE,MOCK
C0170,D019,PEN-MOCK-0170,Mock Conductor 0170,+91900000170,ACTIVE,MOCK
C0171,D019,PEN-MOCK-0171,Mock Conductor 0171,+91900000171,ACTIVE,MOCK
C0172,D020,PEN-MOCK-0172,Mock Conductor 0172,+91900000172,ACTIVE,MOCK
C0173,D020,PEN-MOCK-0173,Mock Conductor 0173,+91900000173,ACTIVE,MOCK
C0174,D020,PEN-MOCK-0174,Mock Conductor 0174,+91900000174,ACTIVE,MOCK
C0175,D020,PEN-MOCK-0175,Mock Conductor 0175,+91900000175,ACTIVE,MOCK
C0176,D020,PEN-MOCK-0176,Mock Conductor 0176,+91900000176,ACTIVE,MOCK
C0177,D020,PEN-MOCK-0177,Mock Conductor 0177,+91900000177,ACTIVE,MOCK
C0178,D020,PEN-MOCK-0178,Mock Conductor 0178,+91900000178,ACTIVE,MOCK
C0179,D020,PEN-MOCK-0179,Mock Conductor 0179,+91900000179,ACTIVE,MOCK
C0180,D020,PEN-MOCK-0180,Mock Conductor 0180,+91900000180,ACTIVE,MOCK
C0181,D021,PEN-MOCK-0181,Mock Conductor 0181,+91900000181,ACTIVE,MOCK
C0182,D021,PEN-MOCK-0182,Mock Conductor 0182,+91900000182,ACTIVE,MOCK
C0183,D021,PEN-MOCK-0183,Mock Conductor 0183,+91900000183,ACTIVE,MOCK
C0184,D021,PEN-MOCK-0184,Mock Conductor 0184,+91900000184,ACTIVE,MOCK
C0185,D021,PEN-MOCK-0185,Mock Conductor 0185,+91900000185,ACTIVE,MOCK
C0186,D021,PEN-MOCK-0186,Mock Conductor 0186,+91900000186,ACTIVE,MOCK
C0187,D021,PEN-MOCK-0187,Mock Conductor 0187,+91900000187,ACTIVE,MOCK
C0188,D021,PEN-MOCK-0188,Mock Conductor 0188,+91900000188,ACTIVE,MOCK
C0189,D021,PEN-MOCK-0189,Mock Conductor 0189,+91900000189,ACTIVE,MOCK
C0190,D022,PEN-MOCK-0190,Mock Conductor 0190,+91900000190,ACTIVE,MOCK
C0191,D022,PEN-MOCK-0191,Mock Conductor 0191,+91900000191,ACTIVE,MOCK
C0192,D022,PEN-MOCK-0192,Mock Conductor 0192,+91900000192,ACTIVE,MOCK
C0193,D022,PEN-MOCK-0193,Mock Conductor 0193,+91900000193,ACTIVE,MOCK
C0194,D022,PEN-MOCK-0194,Mock Conductor 0194,+91900000194,ACTIVE,MOCK
C0195,D022,PEN-MOCK-0195,Mock Conductor 0195,+91900000195,ACTIVE,MOCK
C0196,D022,PEN-MOCK-0196,Mock Conductor 0196,+91900000196,ACTIVE,MOCK
C0197,D022,PEN-MOCK-0197,Mock Conductor 0197,+91900000197,ACTIVE,MOCK
C0198,D022,PEN-MOCK-0198,Mock Conductor 0198,+91900000198,ACTIVE,MOCK
C0199,D023,PEN-MOCK-0199,Mock Conductor 0199,+91900000199,ACTIVE,MOCK
C0200,D023,PEN-MOCK-0200,Mock Conductor 0200,+91900000200,ACTIVE,MOCK
C0201,D023,PEN-MOCK-0201,Mock Conductor 0201,+91900000201,ACTIVE,MOCK
C0202,D023,PEN-MOCK-0202,Mock Conductor 0202,+91900000202,ACTIVE,MOCK
C0203,D023,PEN-MOCK-0203,Mock Conductor 0203,+91900000203,ACTIVE,MOCK
C0204,D023,PEN-MOCK-0204,Mock Conductor 0204,+91900000204,ACTIVE,MOCK
C0205,D023,PEN-MOCK-0205,Mock Conductor 0205,+91900000205,ACTIVE,MOCK
C0206,D023,PEN-MOCK-0206,Mock Conductor 0206,+91900000206,ACTIVE,MOCK
C0207,D023,PEN-MOCK-0207,Mock Conductor 0207,+91900000207,ACTIVE,MOCK
C0208,D024,PEN-MOCK-0208,Mock Conductor 0208,+91900000208,ACTIVE,MOCK
C0209,D024,PEN-MOCK-0209,Mock Conductor 0209,+91900000209,ACTIVE,MOCK
C0210,D024,PEN-MOCK-0210,Mock Conductor 0210,+91900000210,ACTIVE,MOCK
C0211,D024,PEN-MOCK-0211,Mock Conductor 0211,+91900000211,ACTIVE,MOCK
C0212,D024,PEN-MOCK-0212,Mock Conductor 0212,+91900000212,ACTIVE,MOCK
C0213,D024,PEN-MOCK-0213,Mock Conductor 0213,+91900000213,ACTIVE,MOCK
C0214,D024,PEN-MOCK-0214,Mock Conductor 0214,+91900000214,ACTIVE,MOCK
C0215,D024,PEN-MOCK-0215,Mock Conductor 0215,+91900000215,ACTIVE,MOCK
C0216,D024,PEN-MOCK-0216,Mock Conductor 0216,+91900000216,ACTIVE,MOCK
C0217,D025,PEN-MOCK-0217,Mock Conductor 0217,+91900000217,ACTIVE,MOCK
C0218,D025,PEN-MOCK-0218,Mock Conductor 0218,+91900000218,ACTIVE,MOCK
C0219,D025,PEN-MOCK-0219,Mock Conductor 0219,+91900000219,ACTIVE,MOCK
C0220,D025,PEN-MOCK-0220,Mock Conductor 0220,+91900000220,ACTIVE,MOCK
C0221,D025,PEN-MOCK-0221,Mock Conductor 0221,+91900000221,ACTIVE,MOCK
C0222,D025,PEN-MOCK-0222,Mock Conductor 0222,+91900000222,ACTIVE,MOCK
C0223,D025,PEN-MOCK-0223,Mock Conductor 0223,+91900000223,ACTIVE,MOCK
C0224,D025,PEN-MOCK-0224,Mock Conductor 0224,+91900000224,ACTIVE,MOCK
C0225,D025,PEN-MOCK-0225,Mock Conductor 0225,+91900000225,ACTIVE,MOCK
C0226,D026,PEN-MOCK-0226,Mock Conductor 0226,+91900000226,ACTIVE,MOCK
C0227,D026,PEN-MOCK-0227,Mock Conductor 0227,+91900000227,ACTIVE,MOCK
C0228,D026,PEN-MOCK-0228,Mock Conductor 0228,+91900000228,ACTIVE,MOCK
C0229,D026,PEN-MOCK-0229,Mock Conductor 0229,+91900000229,ACTIVE,MOCK
C0230,D026,PEN-MOCK-0230,Mock Conductor 0230,+91900000230,ACTIVE,MOCK
C0231,D026,PEN-MOCK-0231,Mock Conductor 0231,+91900000231,ACTIVE,MOCK
C0232,D026,PEN-MOCK-0232,Mock Conductor 0232,+91900000232,ACTIVE,MOCK
C0233,D026,PEN-MOCK-0233,Mock Conductor 0233,+91900000233,ACTIVE,MOCK
C0234,D026,PEN-MOCK-0234,Mock Conductor 0234,+91900000234,ACTIVE,MOCK
C0235,D027,PEN-MOCK-0235,Mock Conductor 0235,+91900000235,ACTIVE,MOCK
C0236,D027,PEN-MOCK-0236,Mock Conductor 0236,+91900000236,ACTIVE,MOCK
C0237,D027,PEN-MOCK-0237,Mock Conductor 0237,+91900000237,ACTIVE,MOCK
C0238,D027,PEN-MOCK-0238,Mock Conductor 0238,+91900000238,ACTIVE,MOCK
C0239,D027,PEN-MOCK-0239,Mock Conductor 0239,+91900000239,ACTIVE,MOCK
C0240,D027,PEN-MOCK-0240,Mock Conductor 0240,+91900000240,ACTIVE,MOCK
C0241,D027,PEN-MOCK-0241,Mock Conductor 0241,+91900000241,ACTIVE,MOCK
C0242,D027,PEN-MOCK-0242,Mock Conductor 0242,+91900000242,ACTIVE,MOCK
C0243,D027,PEN-MOCK-0243,Mock Conductor 0243,+91900000243,ACTIVE,MOCK
C0244,D028,PEN-MOCK-0244,Mock Conductor 0244,+91900000244,ACTIVE,MOCK
C0245,D028,PEN-MOCK-0245,Mock Conductor 0245,+91900000245,ACTIVE,MOCK
C0246,D028,PEN-MOCK-0246,Mock Conductor 0246,+91900000246,ACTIVE,MOCK
C0247,D028,PEN-MOCK-0247,Mock Conductor 0247,+91900000247,ACTIVE,MOCK
C0248,D028,PEN-MOCK-0248,Mock Conductor 0248,+91900000248,ACTIVE,MOCK
C0249,D028,PEN-MOCK-0249,Mock Conductor 0249,+91900000249,ACTIVE,MOCK
C0250,D028,PEN-MOCK-0250,Mock Conductor 0250,+91900000250,ACTIVE,MOCK
C0251,D028,PEN-MOCK-0251,Mock Conductor 0251,+91900000251,ACTIVE,MOCK
C0252,D028,PEN-MOCK-0252,Mock Conductor 0252,+91900000252,ACTIVE,MOCK
C0253,D029,PEN-MOCK-0253,Mock Conductor 0253,+91900000253,ACTIVE,MOCK
C0254,D029,PEN-MOCK-0254,Mock Conductor 0254,+91900000254,ACTIVE,MOCK
C0255,D029,PEN-MOCK-0255,Mock Conductor 0255,+91900000255,ACTIVE,MOCK
C0256,D029,PEN-MOCK-0256,Mock Conductor 0256,+91900000256,ACTIVE,MOCK
C0257,D029,PEN-MOCK-0257,Mock Conductor 0257,+91900000257,ACTIVE,MOCK
C0258,D029,PEN-MOCK-0258,Mock Conductor 0258,+91900000258,ACTIVE,MOCK
C0259,D029,PEN-MOCK-0259,Mock Conductor 0259,+91900000259,ACTIVE,MOCK
C0260,D029,PEN-MOCK-0260,Mock Conductor 0260,+91900000260,ACTIVE,MOCK
C0261,D029,PEN-MOCK-0261,Mock Conductor 0261,+91900000261,ACTIVE,MOCK
C0262,D030,PEN-MOCK-0262,Mock Conductor 0262,+91900000262,ACTIVE,MOCK
C0263,D030,PEN-MOCK-0263,Mock Conductor 0263,+91900000263,ACTIVE,MOCK
C0264,D030,PEN-MOCK-0264,Mock Conductor 0264,+91900000264,ACTIVE,MOCK
C0265,D030,PEN-MOCK-0265,Mock Conductor 0265,+91900000265,ACTIVE,MOCK
C0266,D030,PEN-MOCK-0266,Mock Conductor 0266,+91900000266,ACTIVE,MOCK
C0267,D030,PEN-MOCK-0267,Mock Conductor 0267,+91900000267,ACTIVE,MOCK
C0268,D030,PEN-MOCK-0268,Mock Conductor 0268,+91900000268,ACTIVE,MOCK
C0269,D030,PEN-MOCK-0269,Mock Conductor 0269,+91900000269,ACTIVE,MOCK
C0270,D030,PEN-MOCK-0270,Mock Conductor 0270,+91900000270,ACTIVE,MOCK
C0271,D031,PEN-MOCK-0271,Mock Conductor 0271,+91900000271,ACTIVE,MOCK
C0272,D031,PEN-MOCK-0272,Mock Conductor 0272,+91900000272,ACTIVE,MOCK
C0273,D031,PEN-MOCK-0273,Mock Conductor 0273,+91900000273,ACTIVE,MOCK
C0274,D031,PEN-MOCK-0274,Mock Conductor 0274,+91900000274,ACTIVE,MOCK
C0275,D031,PEN-MOCK-0275,Mock Conductor 0275,+91900000275,ACTIVE,MOCK
C0276,D031,PEN-MOCK-0276,Mock Conductor 0276,+91900000276,ACTIVE,MOCK
C0277,D031,PEN-MOCK-0277,Mock Conductor 0277,+91900000277,ACTIVE,MOCK
C0278,D031,PEN-MOCK-0278,Mock Conductor 0278,+91900000278,ACTIVE,MOCK
C0279,D031,PEN-MOCK-0279,Mock Conductor 0279,+91900000279,ACTIVE,MOCK
C0280,D032,PEN-MOCK-0280,Mock Conductor 0280,+91900000280,ACTIVE,MOCK
C0281,D032,PEN-MOCK-0281,Mock Conductor 0281,+91900000281,ACTIVE,MOCK
C0282,D032,PEN-MOCK-0282,Mock Conductor 0282,+91900000282,ACTIVE,MOCK
C0283,D032,PEN-MOCK-0283,Mock Conductor 0283,+91900000283,ACTIVE,MOCK
C0284,D032,PEN-MOCK-0284,Mock Conductor 0284,+91900000284,ACTIVE,MOCK
C0285,D032,PEN-MOCK-0285,Mock Conductor 0285,+91900000285,ACTIVE,MOCK
C0286,D032,PEN-MOCK-0286,Mock Conductor 0286,+91900000286,ACTIVE,MOCK
C0287,D032,PEN-MOCK-0287,Mock Conductor 0287,+91900000287,ACTIVE,MOCK
C0288,D032,PEN-MOCK-0288,Mock Conductor 0288,+91900000288,ACTIVE,MOCK
C0289,D033,PEN-MOCK-0289,Mock Conductor 0289,+91900000289,ACTIVE,MOCK
C0290,D033,PEN-MOCK-0290,Mock Conductor 0290,+91900000290,ACTIVE,MOCK
C0291,D033,PEN-MOCK-0291,Mock Conductor 0291,+91900000291,ACTIVE,MOCK
C0292,D033,PEN-MOCK-0292,Mock Conductor 0292,+91900000292,ACTIVE,MOCK
C0293,D033,PEN-MOCK-0293,Mock Conductor 0293,+91900000293,ACTIVE,MOCK
C0294,D033,PEN-MOCK-0294,Mock Conductor 0294,+91900000294,ACTIVE,MOCK
C0295,D033,PEN-MOCK-0295,Mock Conductor 0295,+91900000295,ACTIVE,MOCK
C0296,D033,PEN-MOCK-0296,Mock Conductor 0296,+91900000296,ACTIVE,MOCK
C0297,D033,PEN-MOCK-0297,Mock Conductor 0297,+91900000297,ACTIVE,MOCK
C0298,D034,PEN-MOCK-0298,Mock Conductor 0298,+91900000298,ACTIVE,MOCK
C0299,D034,PEN-MOCK-0299,Mock Conductor 0299,+91900000299,ACTIVE,MOCK
C0300,D034,PEN-MOCK-0300,Mock Conductor 0300,+91900000300,ACTIVE,MOCK
C0301,D034,PEN-MOCK-0301,Mock Conductor 0301,+91900000301,ACTIVE,MOCK
C0302,D034,PEN-MOCK-0302,Mock Conductor 0302,+91900000302,ACTIVE,MOCK
C0303,D034,PEN-MOCK-0303,Mock Conductor 0303,+91900000303,ACTIVE,MOCK
C0304,D034,PEN-MOCK-0304,Mock Conductor 0304,+91900000304,ACTIVE,MOCK
C0305,D034,PEN-MOCK-0305,Mock Conductor 0305,+91900000305,ACTIVE,MOCK
C0306,D034,PEN-MOCK-0306,Mock Conductor 0306,+91900000306,ACTIVE,MOCK
C0307,D035,PEN-MOCK-0307,Mock Conductor 0307,+91900000307,ACTIVE,MOCK
C0308,D035,PEN-MOCK-0308,Mock Conductor 0308,+91900000308,ACTIVE,MOCK
C0309,D035,PEN-MOCK-0309,Mock Conductor 0309,+91900000309,ACTIVE,MOCK
C0310,D035,PEN-MOCK-0310,Mock Conductor 0310,+91900000310,ACTIVE,MOCK
C0311,D035,PEN-MOCK-0311,Mock Conductor 0311,+91900000311,ACTIVE,MOCK
C0312,D035,PEN-MOCK-0312,Mock Conductor 0312,+91900000312,ACTIVE,MOCK
C0313,D035,PEN-MOCK-0313,Mock Conductor 0313,+91900000313,ACTIVE,MOCK
C0314,D035,PEN-MOCK-0314,Mock Conductor 0314,+91900000314,ACTIVE,MOCK
C0315,D035,PEN-MOCK-0315,Mock Conductor 0315,+91900000315,ACTIVE,MOCK
C0316,D036,PEN-MOCK-0316,Mock Conductor 0316,+91900000316,ACTIVE,MOCK
C0317,D036,PEN-MOCK-0317,Mock Conductor 0317,+91900000317,ACTIVE,MOCK
C0318,D036,PEN-MOCK-0318,Mock Conductor 0318,+91900000318,ACTIVE,MOCK
C0319,D036,PEN-MOCK-0319,Mock Conductor 0319,+91900000319,ACTIVE,MOCK
C0320,D036,PEN-MOCK-0320,Mock Conductor 0320,+91900000320,ACTIVE,MOCK
C0321,D036,PEN-MOCK-0321,Mock Conductor 0321,+91900000321,ACTIVE,MOCK
C0322,D036,PEN-MOCK-0322,Mock Conductor 0322,+91900000322,ACTIVE,MOCK
C0323,D036,PEN-MOCK-0323,Mock Conductor 0323,+91900000323,ACTIVE,MOCK
C0324,D036,PEN-MOCK-0324,Mock Conductor 0324,+91900000324,ACTIVE,MOCK
C0325,D037,PEN-MOCK-0325,Mock Conductor 0325,+91900000325,ACTIVE,MOCK
C0326,D037,PEN-MOCK-0326,Mock Conductor 0326,+91900000326,ACTIVE,MOCK
C0327,D037,PEN-MOCK-0327,Mock Conductor 0327,+91900000327,ACTIVE,MOCK
C0328,D037,PEN-MOCK-0328,Mock Conductor 0328,+91900000328,ACTIVE,MOCK
C0329,D037,PEN-MOCK-0329,Mock Conductor 0329,+91900000329,ACTIVE,MOCK
C0330,D037,PEN-MOCK-0330,Mock Conductor 0330,+91900000330,ACTIVE,MOCK
C0331,D037,PEN-MOCK-0331,Mock Conductor 0331,+91900000331,ACTIVE,MOCK
C0332,D037,PEN-MOCK-0332,Mock Conductor 0332,+91900000332,ACTIVE,MOCK
C0333,D037,PEN-MOCK-0333,Mock Conductor 0333,+91900000333,ACTIVE,MOCK
C0334,D038,PEN-MOCK-0334,Mock Conductor 0334,+91900000334,ACTIVE,MOCK
C0335,D038,PEN-MOCK-0335,Mock Conductor 0335,+91900000335,ACTIVE,MOCK
C0336,D038,PEN-MOCK-0336,Mock Conductor 0336,+91900000336,ACTIVE,MOCK
C0337,D038,PEN-MOCK-0337,Mock Conductor 0337,+91900000337,ACTIVE,MOCK
C0338,D038,PEN-MOCK-0338,Mock Conductor 0338,+91900000338,ACTIVE,MOCK
C0339,D038,PEN-MOCK-0339,Mock Conductor 0339,+91900000339,ACTIVE,MOCK
C0340,D038,PEN-MOCK-0340,Mock Conductor 0340,+91900000340,ACTIVE,MOCK
C0341,D038,PEN-MOCK-0341,Mock Conductor 0341,+91900000341,ACTIVE,MOCK
C0342,D038,PEN-MOCK-0342,Mock Conductor 0342,+91900000342,ACTIVE,MOCK
C0343,D039,PEN-MOCK-0343,Mock Conductor 0343,+91900000343,ACTIVE,MOCK
C0344,D039,PEN-MOCK-0344,Mock Conductor 0344,+91900000344,ACTIVE,MOCK
C0345,D039,PEN-MOCK-0345,Mock Conductor 0345,+91900000345,ACTIVE,MOCK
C0346,D039,PEN-MOCK-0346,Mock Conductor 0346,+91900000346,ACTIVE,MOCK
C0347,D039,PEN-MOCK-0347,Mock Conductor 0347,+91900000347,ACTIVE,MOCK
C0348,D039,PEN-MOCK-0348,Mock Conductor 0348,+91900000348,ACTIVE,MOCK
C0349,D039,PEN-MOCK-0349,Mock Conductor 0349,+91900000349,ACTIVE,MOCK
C0350,D039,PEN-MOCK-0350,Mock Conductor 0350,+91900000350,ACTIVE,MOCK
C0351,D039,PEN-MOCK-0351,Mock Conductor 0351,+91900000351,ACTIVE,MOCK
C0352,D040,PEN-MOCK-0352,Mock Conductor 0352,+91900000352,ACTIVE,MOCK
C0353,D040,PEN-MOCK-0353,Mock Conductor 0353,+91900000353,ACTIVE,MOCK
C0354,D040,PEN-MOCK-0354,Mock Conductor 0354,+91900000354,ACTIVE,MOCK
C0355,D040,PEN-MOCK-0355,Mock Conductor 0355,+91900000355,ACTIVE,MOCK
C0356,D040,PEN-MOCK-0356,Mock Conductor 0356,+91900000356,ACTIVE,MOCK
C0357,D040,PEN-MOCK-0357,Mock Conductor 0357,+91900000357,ACTIVE,MOCK
C0358,D040,PEN-MOCK-0358,Mock Conductor 0358,+91900000358,ACTIVE,MOCK
C0359,D040,PEN-MOCK-0359,Mock Conductor 0359,+91900000359,ACTIVE,MOCK
C0360,D040,PEN-MOCK-0360,Mock Conductor 0360,+91900000360,ACTIVE,MOCK
C0361,D041,PEN-MOCK-0361,Mock Conductor 0361,+91900000361,ACTIVE,MOCK
C0362,D041,PEN-MOCK-0362,Mock Conductor 0362,+91900000362,ACTIVE,MOCK
C0363,D041,PEN-MOCK-0363,Mock Conductor 0363,+91900000363,ACTIVE,MOCK
C0364,D041,PEN-MOCK-0364,Mock Conductor 0364,+91900000364,ACTIVE,MOCK
C0365,D041,PEN-MOCK-0365,Mock Conductor 0365,+91900000365,ACTIVE,MOCK
C0366,D041,PEN-MOCK-0366,Mock Conductor 0366,+91900000366,ACTIVE,MOCK
C0367,D041,PEN-MOCK-0367,Mock Conductor 0367,+91900000367,ACTIVE,MOCK
C0368,D041,PEN-MOCK-0368,Mock Conductor 0368,+91900000368,ACTIVE,MOCK
C0369,D041,PEN-MOCK-0369,Mock Conductor 0369,+91900000369,ACTIVE,MOCK
C0370,D042,PEN-MOCK-0370,Mock Conductor 0370,+91900000370,ACTIVE,MOCK
C0371,D042,PEN-MOCK-0371,Mock Conductor 0371,+91900000371,ACTIVE,MOCK
C0372,D042,PEN-MOCK-0372,Mock Conductor 0372,+91900000372,ACTIVE,MOCK
C0373,D042,PEN-MOCK-0373,Mock Conductor 0373,+91900000373,ACTIVE,MOCK
C0374,D042,PEN-MOCK-0374,Mock Conductor 0374,+91900000374,ACTIVE,MOCK
C0375,D042,PEN-MOCK-0375,Mock Conductor 0375,+91900000375,ACTIVE,MOCK
C0376,D042,PEN-MOCK-0376,Mock Conductor 0376,+91900000376,ACTIVE,MOCK
C0377,D042,PEN-MOCK-0377,Mock Conductor 0377,+91900000377,ACTIVE,MOCK
C0378,D042,PEN-MOCK-0378,Mock Conductor 0378,+91900000378,ACTIVE,MOCK
C0379,D043,PEN-MOCK-0379,Mock Conductor 0379,+91900000379,ACTIVE,MOCK
C0380,D043,PEN-MOCK-0380,Mock Conductor 0380,+91900000380,ACTIVE,MOCK
C0381,D043,PEN-MOCK-0381,Mock Conductor 0381,+91900000381,ACTIVE,MOCK
C0382,D043,PEN-MOCK-0382,Mock Conductor 0382,+91900000382,ACTIVE,MOCK
C0383,D043,PEN-MOCK-0383,Mock Conductor 0383,+91900000383,ACTIVE,MOCK
C0384,D043,PEN-MOCK-0384,Mock Conductor 0384,+91900000384,ACTIVE,MOCK
C0385,D043,PEN-MOCK-0385,Mock Conductor 0385,+91900000385,ACTIVE,MOCK
C0386,D043,PEN-MOCK-0386,Mock Conductor 0386,+91900000386,ACTIVE,MOCK
C0387,D043,PEN-MOCK-0387,Mock Conductor 0387,+91900000387,ACTIVE,MOCK
C0388,D044,PEN-MOCK-0388,Mock Conductor 0388,+91900000388,ACTIVE,MOCK
C0389,D044,PEN-MOCK-0389,Mock Conductor 0389,+91900000389,ACTIVE,MOCK
C0390,D044,PEN-MOCK-0390,Mock Conductor 0390,+91900000390,ACTIVE,MOCK
C0391,D044,PEN-MOCK-0391,Mock Conductor 0391,+91900000391,ACTIVE,MOCK
C0392,D044,PEN-MOCK-0392,Mock Conductor 0392,+91900000392,ACTIVE,MOCK
C0393,D044,PEN-MOCK-0393,Mock Conductor 0393,+91900000393,ACTIVE,MOCK
C0394,D044,PEN-MOCK-0394,Mock Conductor 0394,+91900000394,ACTIVE,MOCK
C0395,D044,PEN-MOCK-0395,Mock Conductor 0395,+91900000395,ACTIVE,MOCK
C0396,D044,PEN-MOCK-0396,Mock Conductor 0396,+91900000396,ACTIVE,MOCK
C0397,D045,PEN-MOCK-0397,Mock Conductor 0397,+91900000397,ACTIVE,MOCK
C0398,D045,PEN-MOCK-0398,Mock Conductor 0398,+91900000398,ACTIVE,MOCK
C0399,D045,PEN-MOCK-0399,Mock Conductor 0399,+91900000399,ACTIVE,MOCK
C0400,D045,PEN-MOCK-0400,Mock Conductor 0400,+91900000400,ACTIVE,MOCK
C0401,D045,PEN-MOCK-0401,Mock Conductor 0401,+91900000401,ACTIVE,MOCK
C0402,D045,PEN-MOCK-0402,Mock Conductor 0402,+91900000402,ACTIVE,MOCK
C0403,D045,PEN-MOCK-0403,Mock Conductor 0403,+91900000403,ACTIVE,MOCK
C0404,D045,PEN-MOCK-0404,Mock Conductor 0404,+91900000404,ACTIVE,MOCK
C0405,D045,PEN-MOCK-0405,Mock Conductor 0405,+91900000405,ACTIVE,MOCK
C0406,D046,PEN-MOCK-0406,Mock Conductor 0406,+91900000406,ACTIVE,MOCK
C0407,D046,PEN-MOCK-0407,Mock Conductor 0407,+91900000407,ACTIVE,MOCK
C0408,D046,PEN-MOCK-0408,Mock Conductor 0408,+91900000408,ACTIVE,MOCK
C0409,D046,PEN-MOCK-0409,Mock Conductor 0409,+91900000409,ACTIVE,MOCK
C0410,D046,PEN-MOCK-0410,Mock Conductor 0410,+91900000410,ACTIVE,MOCK
C0411,D046,PEN-MOCK-0411,Mock Conductor 0411,+91900000411,ACTIVE,MOCK
C0412,D046,PEN-MOCK-0412,Mock Conductor 0412,+91900000412,ACTIVE,MOCK
C0413,D046,PEN-MOCK-0413,Mock Conductor 0413,+91900000413,ACTIVE,MOCK
C0414,D046,PEN-MOCK-0414,Mock Conductor 0414,+91900000414,ACTIVE,MOCK
C0415,D047,PEN-MOCK-0415,Mock Conductor 0415,+91900000415,ACTIVE,MOCK
C0416,D047,PEN-MOCK-0416,Mock Conductor 0416,+91900000416,ACTIVE,MOCK
C0417,D047,PEN-MOCK-0417,Mock Conductor 0417,+91900000417,ACTIVE,MOCK
C0418,D047,PEN-MOCK-0418,Mock Conductor 0418,+91900000418,ACTIVE,MOCK
C0419,D047,PEN-MOCK-0419,Mock Conductor 0419,+91900000419,ACTIVE,MOCK
C0420,D047,PEN-MOCK-0420,Mock Conductor 0420,+91900000420,ACTIVE,MOCK
C0421,D047,PEN-MOCK-0421,Mock Conductor 0421,+91900000421,ACTIVE,MOCK
C0422,D047,PEN-MOCK-0422,Mock Conductor 0422,+91900000422,ACTIVE,MOCK
C0423,D047,PEN-MOCK-0423,Mock Conductor 0423,+91900000423,ACTIVE,MOCK
C0424,D048,PEN-MOCK-0424,Mock Conductor 0424,+91900000424,ACTIVE,MOCK
C0425,D048,PEN-MOCK-0425,Mock Conductor 0425,+91900000425,ACTIVE,MOCK
C0426,D048,PEN-MOCK-0426,Mock Conductor 0426,+91900000426,ACTIVE,MOCK
C0427,D048,PEN-MOCK-0427,Mock Conductor 0427,+91900000427,ACTIVE,MOCK
C0428,D048,PEN-MOCK-0428,Mock Conductor 0428,+91900000428,ACTIVE,MOCK
C0429,D048,PEN-MOCK-0429,Mock Conductor 0429,+91900000429,ACTIVE,MOCK
C0430,D048,PEN-MOCK-0430,Mock Conductor 0430,+91900000430,ACTIVE,MOCK
C0431,D048,PEN-MOCK-0431,Mock Conductor 0431,+91900000431,ACTIVE,MOCK
C0432,D048,PEN-MOCK-0432,Mock Conductor 0432,+91900000432,ACTIVE,MOCK
C0433,D049,PEN-MOCK-0433,Mock Conductor 0433,+91900000433,ACTIVE,MOCK
C0434,D049,PEN-MOCK-0434,Mock Conductor 0434,+91900000434,ACTIVE,MOCK
C0435,D049,PEN-MOCK-0435,Mock Conductor 0435,+91900000435,ACTIVE,MOCK
C0436,D049,PEN-MOCK-0436,Mock Conductor 0436,+91900000436,ACTIVE,MOCK
C0437,D049,PEN-MOCK-0437,Mock Conductor 0437,+91900000437,ACTIVE,MOCK
C0438,D049,PEN-MOCK-0438,Mock Conductor 0438,+91900000438,ACTIVE,MOCK
C0439,D049,PEN-MOCK-0439,Mock Conductor 0439,+91900000439,ACTIVE,MOCK
C0440,D049,PEN-MOCK-0440,Mock Conductor 0440,+91900000440,ACTIVE,MOCK
C0441,D049,PEN-MOCK-0441,Mock Conductor 0441,+91900000441,ACTIVE,MOCK
C0442,D050,PEN-MOCK-0442,Mock Conductor 0442,+91900000442,ACTIVE,MOCK
C0443,D050,PEN-MOCK-0443,Mock Conductor 0443,+91900000443,ACTIVE,MOCK
C0444,D050,PEN-MOCK-0444,Mock Conductor 0444,+91900000444,ACTIVE,MOCK
C0445,D050,PEN-MOCK-0445,Mock Conductor 0445,+91900000445,ACTIVE,MOCK
C0446,D050,PEN-MOCK-0446,Mock Conductor 0446,+91900000446,ACTIVE,MOCK
C0447,D050,PEN-MOCK-0447,Mock Conductor 0447,+91900000447,ACTIVE,MOCK
C0448,D050,PEN-MOCK-0448,Mock Conductor 0448,+91900000448,ACTIVE,MOCK
C0449,D050,PEN-MOCK-0449,Mock Conductor 0449,+91900000449,ACTIVE,MOCK
C0450,D050,PEN-MOCK-0450,Mock Conductor 0450,+91900000450,ACTIVE,MOCK
C0451,D051,PEN-MOCK-0451,Mock Conductor 0451,+91900000451,ACTIVE,MOCK
C0452,D051,PEN-MOCK-0452,Mock Conductor 0452,+91900000452,ACTIVE,MOCK
C0453,D051,PEN-MOCK-0453,Mock Conductor 0453,+91900000453,ACTIVE,MOCK
C0454,D051,PEN-MOCK-0454,Mock Conductor 0454,+91900000454,ACTIVE,MOCK
C0455,D051,PEN-MOCK-0455,Mock Conductor 0455,+91900000455,ACTIVE,MOCK
C0456,D051,PEN-MOCK-0456,Mock Conductor 0456,+91900000456,ACTIVE,MOCK
C0457,D051,PEN-MOCK-0457,Mock Conductor 0457,+91900000457,ACTIVE,MOCK
C0458,D051,PEN-MOCK-0458,Mock Conductor 0458,+91900000458,ACTIVE,MOCK
C0459,D051,PEN-MOCK-0459,Mock Conductor 0459,+91900000459,ACTIVE,MOCK
C0460,D052,PEN-MOCK-0460,Mock Conductor 0460,+91900000460,ACTIVE,MOCK
C0461,D052,PEN-MOCK-0461,Mock Conductor 0461,+91900000461,ACTIVE,MOCK
C0462,D052,PEN-MOCK-0462,Mock Conductor 0462,+91900000462,ACTIVE,MOCK
C0463,D052,PEN-MOCK-0463,Mock Conductor 0463,+91900000463,ACTIVE,MOCK
C0464,D052,PEN-MOCK-0464,Mock Conductor 0464,+91900000464,ACTIVE,MOCK
C0465,D052,PEN-MOCK-0465,Mock Conductor 0465,+91900000465,ACTIVE,MOCK
C0466,D052,PEN-MOCK-0466,Mock Conductor 0466,+91900000466,ACTIVE,MOCK
C0467,D052,PEN-MOCK-0467,Mock Conductor 0467,+91900000467,ACTIVE,MOCK
C0468,D052,PEN-MOCK-0468,Mock Conductor 0468,+91900000468,ACTIVE,MOCK
C0469,D053,PEN-MOCK-0469,Mock Conductor 0469,+91900000469,ACTIVE,MOCK
C0470,D053,PEN-MOCK-0470,Mock Conductor 0470,+91900000470,ACTIVE,MOCK
C0471,D053,PEN-MOCK-0471,Mock Conductor 0471,+91900000471,ACTIVE,MOCK
C0472,D053,PEN-MOCK-0472,Mock Conductor 0472,+91900000472,ACTIVE,MOCK
C0473,D053,PEN-MOCK-0473,Mock Conductor 0473,+91900000473,ACTIVE,MOCK
C0474,D053,PEN-MOCK-0474,Mock Conductor 0474,+91900000474,ACTIVE,MOCK
C0475,D053,PEN-MOCK-0475,Mock Conductor 0475,+91900000475,ACTIVE,MOCK
C0476,D053,PEN-MOCK-0476,Mock Conductor 0476,+91900000476,ACTIVE,MOCK
C0477,D053,PEN-MOCK-0477,Mock Conductor 0477,+91900000477,ACTIVE,MOCK
C0478,D054,PEN-MOCK-0478,Mock Conductor 0478,+91900000478,ACTIVE,MOCK
C0479,D054,PEN-MOCK-0479,Mock Conductor 0479,+91900000479,ACTIVE,MOCK
C0480,D054,PEN-MOCK-0480,Mock Conductor 0480,+91900000480,ACTIVE,MOCK
C0481,D054,PEN-MOCK-0481,Mock Conductor 0481,+91900000481,ACTIVE,MOCK
C0482,D054,PEN-MOCK-0482,Mock Conductor 0482,+91900000482,ACTIVE,MOCK
C0483,D054,PEN-MOCK-0483,Mock Conductor 0483,+91900000483,ACTIVE,MOCK
C0484,D054,PEN-MOCK-0484,Mock Conductor 0484,+91900000484,ACTIVE,MOCK
C0485,D054,PEN-MOCK-0485,Mock Conductor 0485,+91900000485,ACTIVE,MOCK
C0486,D054,PEN-MOCK-0486,Mock Conductor 0486,+91900000486,ACTIVE,MOCK
C0487,D055,PEN-MOCK-0487,Mock Conductor 0487,+91900000487,ACTIVE,MOCK
C0488,D055,PEN-MOCK-0488,Mock Conductor 0488,+91900000488,ACTIVE,MOCK
C0489,D055,PEN-MOCK-0489,Mock Conductor 0489,+91900000489,ACTIVE,MOCK
C0490,D055,PEN-MOCK-0490,Mock Conductor 0490,+91900000490,ACTIVE,MOCK
C0491,D055,PEN-MOCK-0491,Mock Conductor 0491,+91900000491,ACTIVE,MOCK
C0492,D055,PEN-MOCK-0492,Mock Conductor 0492,+91900000492,ACTIVE,MOCK
C0493,D055,PEN-MOCK-0493,Mock Conductor 0493,+91900000493,ACTIVE,MOCK
C0494,D055,PEN-MOCK-0494,Mock Conductor 0494,+91900000494,ACTIVE,MOCK
C0495,D055,PEN-MOCK-0495,Mock Conductor 0495,+91900000495,ACTIVE,MOCK
C0496,D056,PEN-MOCK-0496,Mock Conductor 0496,+91900000496,ACTIVE,MOCK
C0497,D056,PEN-MOCK-0497,Mock Conductor 0497,+91900000497,ACTIVE,MOCK
C0498,D056,PEN-MOCK-0498,Mock Conductor 0498,+91900000498,ACTIVE,MOCK
C0499,D056,PEN-MOCK-0499,Mock Conductor 0499,+91900000499,ACTIVE,MOCK
C0500,D056,PEN-MOCK-0500,Mock Conductor 0500,+91900000500,ACTIVE,MOCK
C0501,D056,PEN-MOCK-0501,Mock Conductor 0501,+91900000501,ACTIVE,MOCK
C0502,D056,PEN-MOCK-0502,Mock Conductor 0502,+91900000502,ACTIVE,MOCK
C0503,D056,PEN-MOCK-0503,Mock Conductor 0503,+91900000503,ACTIVE,MOCK
C0504,D056,PEN-MOCK-0504,Mock Conductor 0504,+91900000504,ACTIVE,MOCK
C0505,D057,PEN-MOCK-0505,Mock Conductor 0505,+91900000505,ACTIVE,MOCK
C0506,D057,PEN-MOCK-0506,Mock Conductor 0506,+91900000506,ACTIVE,MOCK
C0507,D057,PEN-MOCK-0507,Mock Conductor 0507,+91900000507,ACTIVE,MOCK
C0508,D057,PEN-MOCK-0508,Mock Conductor 0508,+91900000508,ACTIVE,MOCK
C0509,D057,PEN-MOCK-0509,Mock Conductor 0509,+91900000509,ACTIVE,MOCK
C0510,D057,PEN-MOCK-0510,Mock Conductor 0510,+91900000510,ACTIVE,MOCK
C0511,D057,PEN-MOCK-0511,Mock Conductor 0511,+91900000511,ACTIVE,MOCK
C0512,D057,PEN-MOCK-0512,Mock Conductor 0512,+91900000512,ACTIVE,MOCK
C0513,D057,PEN-MOCK-0513,Mock Conductor 0513,+91900000513,ACTIVE,MOCK
C0514,D058,PEN-MOCK-0514,Mock Conductor 0514,+91900000514,ACTIVE,MOCK
C0515,D058,PEN-MOCK-0515,Mock Conductor 0515,+91900000515,ACTIVE,MOCK
C0516,D058,PEN-MOCK-0516,Mock Conductor 0516,+91900000516,ACTIVE,MOCK
C0517,D058,PEN-MOCK-0517,Mock Conductor 0517,+91900000517,ACTIVE,MOCK
C0518,D058,PEN-MOCK-0518,Mock Conductor 0518,+91900000518,ACTIVE,MOCK
C0519,D058,PEN-MOCK-0519,Mock Conductor 0519,+91900000519,ACTIVE,MOCK
C0520,D058,PEN-MOCK-0520,Mock Conductor 0520,+91900000520,ACTIVE,MOCK
C0521,D058,PEN-MOCK-0521,Mock Conductor 0521,+91900000521,ACTIVE,MOCK
C0522,D058,PEN-MOCK-0522,Mock Conductor 0522,+91900000522,ACTIVE,MOCK
C0523,D059,PEN-MOCK-0523,Mock Conductor 0523,+91900000523,ACTIVE,MOCK
C0524,D059,PEN-MOCK-0524,Mock Conductor 0524,+91900000524,ACTIVE,MOCK
C0525,D059,PEN-MOCK-0525,Mock Conductor 0525,+91900000525,ACTIVE,MOCK
C0526,D059,PEN-MOCK-0526,Mock Conductor 0526,+91900000526,ACTIVE,MOCK
C0527,D059,PEN-MOCK-0527,Mock Conductor 0527,+91900000527,ACTIVE,MOCK
C0528,D059,PEN-MOCK-0528,Mock Conductor 0528,+91900000528,ACTIVE,MOCK
C0529,D059,PEN-MOCK-0529,Mock Conductor 0529,+91900000529,ACTIVE,MOCK
C0530,D059,PEN-MOCK-0530,Mock Conductor 0530,+91900000530,ACTIVE,MOCK
C0531,D059,PEN-MOCK-0531,Mock Conductor 0531,+91900000531,ACTIVE,MOCK
C0532,D060,PEN-MOCK-0532,Mock Conductor 0532,+91900000532,ACTIVE,MOCK
C0533,D060,PEN-MOCK-0533,Mock Conductor 0533,+91900000533,ACTIVE,MOCK
C0534,D060,PEN-MOCK-0534,Mock Conductor 0534,+91900000534,ACTIVE,MOCK
C0535,D060,PEN-MOCK-0535,Mock Conductor 0535,+91900000535,ACTIVE,MOCK
C0536,D060,PEN-MOCK-0536,Mock Conductor 0536,+91900000536,ACTIVE,MOCK
C0537,D060,PEN-MOCK-0537,Mock Conductor 0537,+91900000537,ACTIVE,MOCK
C0538,D060,PEN-MOCK-0538,Mock Conductor 0538,+91900000538,ACTIVE,MOCK
C0539,D060,PEN-MOCK-0539,Mock Conductor 0539,+91900000539,ACTIVE,MOCK
C0540,D060,PEN-MOCK-0540,Mock Conductor 0540,+91900000540,ACTIVE,MOCK
C0541,D061,PEN-MOCK-0541,Mock Conductor 0541,+91900000541,ACTIVE,MOCK
C0542,D061,PEN-MOCK-0542,Mock Conductor 0542,+91900000542,ACTIVE,MOCK
C0543,D061,PEN-MOCK-0543,Mock Conductor 0543,+91900000543,ACTIVE,MOCK
C0544,D061,PEN-MOCK-0544,Mock Conductor 0544,+91900000544,ACTIVE,MOCK
C0545,D061,PEN-MOCK-0545,Mock Conductor 0545,+91900000545,ACTIVE,MOCK
C0546,D061,PEN-MOCK-0546,Mock Conductor 0546,+91900000546,ACTIVE,MOCK
C0547,D061,PEN-MOCK-0547,Mock Conductor 0547,+91900000547,ACTIVE,MOCK
C0548,D061,PEN-MOCK-0548,Mock Conductor 0548,+91900000548,ACTIVE,MOCK
C0549,D061,PEN-MOCK-0549,Mock Conductor 0549,+91900000549,ACTIVE,MOCK
C0550,D062,PEN-MOCK-0550,Mock Conductor 0550,+91900000550,ACTIVE,MOCK
C0551,D062,PEN-MOCK-0551,Mock Conductor 0551,+91900000551,ACTIVE,MOCK
C0552,D062,PEN-MOCK-0552,Mock Conductor 0552,+91900000552,ACTIVE,MOCK
C0553,D062,PEN-MOCK-0553,Mock Conductor 0553,+91900000553,ACTIVE,MOCK
C0554,D062,PEN-MOCK-0554,Mock Conductor 0554,+91900000554,ACTIVE,MOCK
C0555,D062,PEN-MOCK-0555,Mock Conductor 0555,+91900000555,ACTIVE,MOCK
C0556,D062,PEN-MOCK-0556,Mock Conductor 0556,+91900000556,ACTIVE,MOCK
C0557,D062,PEN-MOCK-0557,Mock Conductor 0557,+91900000557,ACTIVE,MOCK
C0558,D062,PEN-MOCK-0558,Mock Conductor 0558,+91900000558,ACTIVE,MOCK
C0559,D063,PEN-MOCK-0559,Mock Conductor 0559,+91900000559,ACTIVE,MOCK
C0560,D063,PEN-MOCK-0560,Mock Conductor 0560,+91900000560,ACTIVE,MOCK
C0561,D063,PEN-MOCK-0561,Mock Conductor 0561,+91900000561,ACTIVE,MOCK
C0562,D063,PEN-MOCK-0562,Mock Conductor 0562,+91900000562,ACTIVE,MOCK
C0563,D063,PEN-MOCK-0563,Mock Conductor 0563,+91900000563,ACTIVE,MOCK
C0564,D063,PEN-MOCK-0564,Mock Conductor 0564,+91900000564,ACTIVE,MOCK
C0565,D063,PEN-MOCK-0565,Mock Conductor 0565,+91900000565,ACTIVE,MOCK
C0566,D063,PEN-MOCK-0566,Mock Conductor 0566,+91900000566,ACTIVE,MOCK
C0567,D063,PEN-MOCK-0567,Mock Conductor 0567,+91900000567,ACTIVE,MOCK
C0568,D064,PEN-MOCK-0568,Mock Conductor 0568,+91900000568,ACTIVE,MOCK
C0569,D064,PEN-MOCK-0569,Mock Conductor 0569,+91900000569,ACTIVE,MOCK
C0570,D064,PEN-MOCK-0570,Mock Conductor 0570,+91900000570,ACTIVE,MOCK
C0571,D064,PEN-MOCK-0571,Mock Conductor 0571,+91900000571,ACTIVE,MOCK
C0572,D064,PEN-MOCK-0572,Mock Conductor 0572,+91900000572,ACTIVE,MOCK
C0573,D064,PEN-MOCK-0573,Mock Conductor 0573,+91900000573,ACTIVE,MOCK
C0574,D064,PEN-MOCK-0574,Mock Conductor 0574,+91900000574,ACTIVE,MOCK
C0575,D064,PEN-MOCK-0575,Mock Conductor 0575,+91900000575,ACTIVE,MOCK
C0576,D064,PEN-MOCK-0576,Mock Conductor 0576,+91900000576,ACTIVE,MOCK
C0577,D065,PEN-MOCK-0577,Mock Conductor 0577,+91900000577,ACTIVE,MOCK
C0578,D065,PEN-MOCK-0578,Mock Conductor 0578,+91900000578,ACTIVE,MOCK
C0579,D065,PEN-MOCK-0579,Mock Conductor 0579,+91900000579,ACTIVE,MOCK
C0580,D065,PEN-MOCK-0580,Mock Conductor 0580,+91900000580,ACTIVE,MOCK
C0581,D065,PEN-MOCK-0581,Mock Conductor 0581,+91900000581,ACTIVE,MOCK
C0582,D065,PEN-MOCK-0582,Mock Conductor 0582,+91900000582,ACTIVE,MOCK
C0583,D065,PEN-MOCK-0583,Mock Conductor 0583,+91900000583,ACTIVE,MOCK
C0584,D065,PEN-MOCK-0584,Mock Conductor 0584,+91900000584,ACTIVE,MOCK
C0585,D065,PEN-MOCK-0585,Mock Conductor 0585,+91900000585,ACTIVE,MOCK
C0586,D066,PEN-MOCK-0586,Mock Conductor 0586,+91900000586,ACTIVE,MOCK
C0587,D066,PEN-MOCK-0587,Mock Conductor 0587,+91900000587,ACTIVE,MOCK
C0588,D066,PEN-MOCK-0588,Mock Conductor 0588,+91900000588,ACTIVE,MOCK
C0589,D066,PEN-MOCK-0589,Mock Conductor 0589,+91900000589,ACTIVE,MOCK
C0590,D066,PEN-MOCK-0590,Mock Conductor 0590,+91900000590,ACTIVE,MOCK
C0591,D066,PEN-MOCK-0591,Mock Conductor 0591,+91900000591,ACTIVE,MOCK
C0592,D066,PEN-MOCK-0592,Mock Conductor 0592,+91900000592,ACTIVE,MOCK
C0593,D066,PEN-MOCK-0593,Mock Conductor 0593,+91900000593,ACTIVE,MOCK
C0594,D066,PEN-MOCK-0594,Mock Conductor 0594,+91900000594,ACTIVE,MOCK
C0595,D067,PEN-MOCK-0595,Mock Conductor 0595,+91900000595,ACTIVE,MOCK
C0596,D067,PEN-MOCK-0596,Mock Conductor 0596,+91900000596,ACTIVE,MOCK
C0597,D067,PEN-MOCK-0597,Mock Conductor 0597,+91900000597,ACTIVE,MOCK
C0598,D067,PEN-MOCK-0598,Mock Conductor 0598,+91900000598,ACTIVE,MOCK
C0599,D067,PEN-MOCK-0599,Mock Conductor 0599,+91900000599,ACTIVE,MOCK
C0600,D067,PEN-MOCK-0600,Mock Conductor 0600,+91900000600,ACTIVE,MOCK
C0601,D067,PEN-MOCK-0601,Mock Conductor 0601,+91900000601,ACTIVE,MOCK
C0602,D067,PEN-MOCK-0602,Mock Conductor 0602,+91900000602,ACTIVE,MOCK
C0603,D067,PEN-MOCK-0603,Mock Conductor 0603,+91900000603,ACTIVE,MOCK
C0604,D068,PEN-MOCK-0604,Mock Conductor 0604,+91900000604,ACTIVE,MOCK
C0605,D068,PEN-MOCK-0605,Mock Conductor 0605,+91900000605,ACTIVE,MOCK
C0606,D068,PEN-MOCK-0606,Mock Conductor 0606,+91900000606,ACTIVE,MOCK
C0607,D068,PEN-MOCK-0607,Mock Conductor 0607,+91900000607,ACTIVE,MOCK
C0608,D068,PEN-MOCK-0608,Mock Conductor 0608,+91900000608,ACTIVE,MOCK
C0609,D068,PEN-MOCK-0609,Mock Conductor 0609,+91900000609,ACTIVE,MOCK
C0610,D068,PEN-MOCK-0610,Mock Conductor 0610,+91900000610,ACTIVE,MOCK
C0611,D068,PEN-MOCK-0611,Mock Conductor 0611,+91900000611,ACTIVE,MOCK
C0612,D068,PEN-MOCK-0612,Mock Conductor 0612,+91900000612,ACTIVE,MOCK
C0613,D069,PEN-MOCK-0613,Mock Conductor 0613,+91900000613,ACTIVE,MOCK
C0614,D069,PEN-MOCK-0614,Mock Conductor 0614,+91900000614,ACTIVE,MOCK
C0615,D069,PEN-MOCK-0615,Mock Conductor 0615,+91900000615,ACTIVE,MOCK
C0616,D069,PEN-MOCK-0616,Mock Conductor 0616,+91900000616,ACTIVE,MOCK
C0617,D069,PEN-MOCK-0617,Mock Conductor 0617,+91900000617,ACTIVE,MOCK
C0618,D069,PEN-MOCK-0618,Mock Conductor 0618,+91900000618,ACTIVE,MOCK
C0619,D069,PEN-MOCK-0619,Mock Conductor 0619,+91900000619,ACTIVE,MOCK
C0620,D069,PEN-MOCK-0620,Mock Conductor 0620,+91900000620,ACTIVE,MOCK
C0621,D069,PEN-MOCK-0621,Mock Conductor 0621,+91900000621,ACTIVE,MOCK
C0622,D070,PEN-MOCK-0622,Mock Conductor 0622,+91900000622,ACTIVE,MOCK
C0623,D070,PEN-MOCK-0623,Mock Conductor 0623,+91900000623,ACTIVE,MOCK
C0624,D070,PEN-MOCK-0624,Mock Conductor 0624,+91900000624,ACTIVE,MOCK
C0625,D070,PEN-MOCK-0625,Mock Conductor 0625,+91900000625,ACTIVE,MOCK
C0626,D070,PEN-MOCK-0626,Mock Conductor 0626,+91900000626,ACTIVE,MOCK
C0627,D070,PEN-MOCK-0627,Mock Conductor 0627,+91900000627,ACTIVE,MOCK
C0628,D070,PEN-MOCK-0628,Mock Conductor 0628,+91900000628,ACTIVE,MOCK
C0629,D070,PEN-MOCK-0629,Mock Conductor 0629,+91900000629,ACTIVE,MOCK
C0630,D070,PEN-MOCK-0630,Mock Conductor 0630,+91900000630,ACTIVE,MOCK
C0631,D071,PEN-MOCK-0631,Mock Conductor 0631,+91900000631,ACTIVE,MOCK
C0632,D071,PEN-MOCK-0632,Mock Conductor 0632,+91900000632,ACTIVE,MOCK
C0633,D071,PEN-MOCK-0633,Mock Conductor 0633,+91900000633,ACTIVE,MOCK
C0634,D071,PEN-MOCK-0634,Mock Conductor 0634,+91900000634,ACTIVE,MOCK
C0635,D071,PEN-MOCK-0635,Mock Conductor 0635,+91900000635,ACTIVE,MOCK
C0636,D071,PEN-MOCK-0636,Mock Conductor 0636,+91900000636,ACTIVE,MOCK
C0637,D071,PEN-MOCK-0637,Mock Conductor 0637,+91900000637,ACTIVE,MOCK
C0638,D071,PEN-MOCK-0638,Mock Conductor 0638,+91900000638,ACTIVE,MOCK
C0639,D071,PEN-MOCK-0639,Mock Conductor 0639,+91900000639,ACTIVE,MOCK
C0640,D072,PEN-MOCK-0640,Mock Conductor 0640,+91900000640,ACTIVE,MOCK
C0641,D072,PEN-MOCK-0641,Mock Conductor 0641,+91900000641,ACTIVE,MOCK
C0642,D072,PEN-MOCK-0642,Mock Conductor 0642,+91900000642,ACTIVE,MOCK
C0643,D072,PEN-MOCK-0643,Mock Conductor 0643,+91900000643,ACTIVE,MOCK
C0644,D072,PEN-MOCK-0644,Mock Conductor 0644,+91900000644,ACTIVE,MOCK
C0645,D072,PEN-MOCK-0645,Mock Conductor 0645,+91900000645,ACTIVE,MOCK
C0646,D072,PEN-MOCK-0646,Mock Conductor 0646,+91900000646,ACTIVE,MOCK
C0647,D072,PEN-MOCK-0647,Mock Conductor 0647,+91900000647,ACTIVE,MOCK
C0648,D072,PEN-MOCK-0648,Mock Conductor 0648,+91900000648,ACTIVE,MOCK
C0649,D073,PEN-MOCK-0649,Mock Conductor 0649,+91900000649,ACTIVE,MOCK
C0650,D073,PEN-MOCK-0650,Mock Conductor 0650,+91900000650,ACTIVE,MOCK
C0651,D073,PEN-MOCK-0651,Mock Conductor 0651,+91900000651,ACTIVE,MOCK
C0652,D073,PEN-MOCK-0652,Mock Conductor 0652,+91900000652,ACTIVE,MOCK
C0653,D073,PEN-MOCK-0653,Mock Conductor 0653,+91900000653,ACTIVE,MOCK
C0654,D073,PEN-MOCK-0654,Mock Conductor 0654,+91900000654,ACTIVE,MOCK
C0655,D073,PEN-MOCK-0655,Mock Conductor 0655,+91900000655,ACTIVE,MOCK
C0656,D073,PEN-MOCK-0656,Mock Conductor 0656,+91900000656,ACTIVE,MOCK
C0657,D073,PEN-MOCK-0657,Mock Conductor 0657,+91900000657,ACTIVE,MOCK
C0658,D074,PEN-MOCK-0658,Mock Conductor 0658,+91900000658,ACTIVE,MOCK
C0659,D074,PEN-MOCK-0659,Mock Conductor 0659,+91900000659,ACTIVE,MOCK
C0660,D074,PEN-MOCK-0660,Mock Conductor 0660,+91900000660,ACTIVE,MOCK
C0661,D074,PEN-MOCK-0661,Mock Conductor 0661,+91900000661,ACTIVE,MOCK
C0662,D074,PEN-MOCK-0662,Mock Conductor 0662,+91900000662,ACTIVE,MOCK
C0663,D074,PEN-MOCK-0663,Mock Conductor 0663,+91900000663,ACTIVE,MOCK
C0664,D074,PEN-MOCK-0664,Mock Conductor 0664,+91900000664,ACTIVE,MOCK
C0665,D074,PEN-MOCK-0665,Mock Conductor 0665,+91900000665,ACTIVE,MOCK
C0666,D074,PEN-MOCK-0666,Mock Conductor 0666,+91900000666,ACTIVE,MOCK
C0667,D075,PEN-MOCK-0667,Mock Conductor 0667,+91900000667,ACTIVE,MOCK
C0668,D075,PEN-MOCK-0668,Mock Conductor 0668,+91900000668,ACTIVE,MOCK
C0669,D075,PEN-MOCK-0669,Mock Conductor 0669,+91900000669,ACTIVE,MOCK
C0670,D075,PEN-MOCK-0670,Mock Conductor 0670,+91900000670,ACTIVE,MOCK
C0671,D075,PEN-MOCK-0671,Mock Conductor 0671,+91900000671,ACTIVE,MOCK
C0672,D075,PEN-MOCK-0672,Mock Conductor 0672,+91900000672,ACTIVE,MOCK
C0673,D075,PEN-MOCK-0673,Mock Conductor 0673,+91900000673,ACTIVE,MOCK
C0674,D075,PEN-MOCK-0674,Mock Conductor 0674,+91900000674,ACTIVE,MOCK
C0675,D075,PEN-MOCK-0675,Mock Conductor 0675,+91900000675,ACTIVE,MOCK
C0676,D076,PEN-MOCK-0676,Mock Conductor 0676,+91900000676,ACTIVE,MOCK
C0677,D076,PEN-MOCK-0677,Mock Conductor 0677,+91900000677,ACTIVE,MOCK
C0678,D076,PEN-MOCK-0678,Mock Conductor 0678,+91900000678,ACTIVE,MOCK
C0679,D076,PEN-MOCK-0679,Mock Conductor 0679,+91900000679,ACTIVE,MOCK
C0680,D076,PEN-MOCK-0680,Mock Conductor 0680,+91900000680,ACTIVE,MOCK
C0681,D076,PEN-MOCK-0681,Mock Conductor 0681,+91900000681,ACTIVE,MOCK
C0682,D076,PEN-MOCK-0682,Mock Conductor 0682,+91900000682,ACTIVE,MOCK
C0683,D076,PEN-MOCK-0683,Mock Conductor 0683,+91900000683,ACTIVE,MOCK
C0684,D076,PEN-MOCK-0684,Mock Conductor 0684,+91900000684,ACTIVE,MOCK
C0685,D077,PEN-MOCK-0685,Mock Conductor 0685,+91900000685,ACTIVE,MOCK
C0686,D077,PEN-MOCK-0686,Mock Conductor 0686,+91900000686,ACTIVE,MOCK
C0687,D077,PEN-MOCK-0687,Mock Conductor 0687,+91900000687,ACTIVE,MOCK
C0688,D077,PEN-MOCK-0688,Mock Conductor 0688,+91900000688,ACTIVE,MOCK
C0689,D077,PEN-MOCK-0689,Mock Conductor 0689,+91900000689,ACTIVE,MOCK
C0690,D077,PEN-MOCK-0690,Mock Conductor 0690,+91900000690,ACTIVE,MOCK
C0691,D077,PEN-MOCK-0691,Mock Conductor 0691,+91900000691,ACTIVE,MOCK
C0692,D077,PEN-MOCK-0692,Mock Conductor 0692,+91900000692,ACTIVE,MOCK
C0693,D077,PEN-MOCK-0693,Mock Conductor 0693,+91900000693,ACTIVE,MOCK
C0694,D078,PEN-MOCK-0694,Mock Conductor 0694,+91900000694,ACTIVE,MOCK
C0695,D078,PEN-MOCK-0695,Mock Conductor 0695,+91900000695,ACTIVE,MOCK
C0696,D078,PEN-MOCK-0696,Mock Conductor 0696,+91900000696,ACTIVE,MOCK
C0697,D078,PEN-MOCK-0697,Mock Conductor 0697,+91900000697,ACTIVE,MOCK
C0698,D078,PEN-MOCK-0698,Mock Conductor 0698,+91900000698,ACTIVE,MOCK
C0699,D078,PEN-MOCK-0699,Mock Conductor 0699,+91900000699,ACTIVE,MOCK
C0700,D078,PEN-MOCK-0700,Mock Conductor 0700,+91900000700,ACTIVE,MOCK
C0701,D078,PEN-MOCK-0701,Mock Conductor 0701,+91900000701,ACTIVE,MOCK
C0702,D078,PEN-MOCK-0702,Mock Conductor 0702,+91900000702,ACTIVE,MOCK
C0703,D079,PEN-MOCK-0703,Mock Conductor 0703,+91900000703,ACTIVE,MOCK
C0704,D079,PEN-MOCK-0704,Mock Conductor 0704,+91900000704,ACTIVE,MOCK
C0705,D079,PEN-MOCK-0705,Mock Conductor 0705,+91900000705,ACTIVE,MOCK
C0706,D079,PEN-MOCK-0706,Mock Conductor 0706,+91900000706,ACTIVE,MOCK
C0707,D079,PEN-MOCK-0707,Mock Conductor 0707,+91900000707,ACTIVE,MOCK
C0708,D079,PEN-MOCK-0708,Mock Conductor 0708,+91900000708,ACTIVE,MOCK
C0709,D079,PEN-MOCK-0709,Mock Conductor 0709,+91900000709,ACTIVE,MOCK
C0710,D079,PEN-MOCK-0710,Mock Conductor 0710,+91900000710,ACTIVE,MOCK
C0711,D079,PEN-MOCK-0711,Mock Conductor 0711,+91900000711,ACTIVE,MOCK
C0712,D080,PEN-MOCK-0712,Mock Conductor 0712,+91900000712,ACTIVE,MOCK
C0713,D080,PEN-MOCK-0713,Mock Conductor 0713,+91900000713,ACTIVE,MOCK
C0714,D080,PEN-MOCK-0714,Mock Conductor 0714,+91900000714,ACTIVE,MOCK
C0715,D080,PEN-MOCK-0715,Mock Conductor 0715,+91900000715,ACTIVE,MOCK
C0716,D080,PEN-MOCK-0716,Mock Conductor 0716,+91900000716,ACTIVE,MOCK
C0717,D080,PEN-MOCK-0717,Mock Conductor 0717,+91900000717,ACTIVE,MOCK
C0718,D080,PEN-MOCK-0718,Mock Conductor 0718,+91900000718,ACTIVE,MOCK
C0719,D080,PEN-MOCK-0719,Mock Conductor 0719,+91900000719,ACTIVE,MOCK
C0720,D080,PEN-MOCK-0720,Mock Conductor 0720,+91900000720,ACTIVE,MOCK
C0721,D081,PEN-MOCK-0721,Mock Conductor 0721,+91900000721,ACTIVE,MOCK
C0722,D081,PEN-MOCK-0722,Mock Conductor 0722,+91900000722,ACTIVE,MOCK
C0723,D081,PEN-MOCK-0723,Mock Conductor 0723,+91900000723,ACTIVE,MOCK
C0724,D081,PEN-MOCK-0724,Mock Conductor 0724,+91900000724,ACTIVE,MOCK
C0725,D081,PEN-MOCK-0725,Mock Conductor 0725,+91900000725,ACTIVE,MOCK
C0726,D081,PEN-MOCK-0726,Mock Conductor 0726,+91900000726,ACTIVE,MOCK
C0727,D081,PEN-MOCK-0727,Mock Conductor 0727,+91900000727,ACTIVE,MOCK
C0728,D081,PEN-MOCK-0728,Mock Conductor 0728,+91900000728,ACTIVE,MOCK
C0729,D081,PEN-MOCK-0729,Mock Conductor 0729,+91900000729,ACTIVE,MOCK
C0730,D082,PEN-MOCK-0730,Mock Conductor 0730,+91900000730,ACTIVE,MOCK
C0731,D082,PEN-MOCK-0731,Mock Conductor 0731,+91900000731,ACTIVE,MOCK
C0732,D082,PEN-MOCK-0732,Mock Conductor 0732,+91900000732,ACTIVE,MOCK
C0733,D082,PEN-MOCK-0733,Mock Conductor 0733,+91900000733,ACTIVE,MOCK
C0734,D082,PEN-MOCK-0734,Mock Conductor 0734,+91900000734,ACTIVE,MOCK
C0735,D082,PEN-MOCK-0735,Mock Conductor 0735,+91900000735,ACTIVE,MOCK
C0736,D082,PEN-MOCK-0736,Mock Conductor 0736,+91900000736,ACTIVE,MOCK
C0737,D082,PEN-MOCK-0737,Mock Conductor 0737,+91900000737,ACTIVE,MOCK
C0738,D082,PEN-MOCK-0738,Mock Conductor 0738,+91900000738,ACTIVE,MOCK
C0739,D083,PEN-MOCK-0739,Mock Conductor 0739,+91900000739,ACTIVE,MOCK
C0740,D083,PEN-MOCK-0740,Mock Conductor 0740,+91900000740,ACTIVE,MOCK
C0741,D083,PEN-MOCK-0741,Mock Conductor 0741,+91900000741,ACTIVE,MOCK
C0742,D083,PEN-MOCK-0742,Mock Conductor 0742,+91900000742,ACTIVE,MOCK
C0743,D083,PEN-MOCK-0743,Mock Conductor 0743,+91900000743,ACTIVE,MOCK
C0744,D083,PEN-MOCK-0744,Mock Conductor 0744,+91900000744,ACTIVE,MOCK
C0745,D083,PEN-MOCK-0745,Mock Conductor 0745,+91900000745,ACTIVE,MOCK
C0746,D083,PEN-MOCK-0746,Mock Conductor 0746,+91900000746,ACTIVE,MOCK
C0747,D083,PEN-MOCK-0747,Mock Conductor 0747,+91900000747,ACTIVE,MOCK
C0748,D084,PEN-MOCK-0748,Mock Conductor 0748,+91900000748,ACTIVE,MOCK
C0749,D084,PEN-MOCK-0749,Mock Conductor 0749,+91900000749,ACTIVE,MOCK
C0750,D084,PEN-MOCK-0750,Mock Conductor 0750,+91900000750,ACTIVE,MOCK
C0751,D084,PEN-MOCK-0751,Mock Conductor 0751,+91900000751,ACTIVE,MOCK
C0752,D084,PEN-MOCK-0752,Mock Conductor 0752,+91900000752,ACTIVE,MOCK
C0753,D084,PEN-MOCK-0753,Mock Conductor 0753,+91900000753,ACTIVE,MOCK
C0754,D084,PEN-MOCK-0754,Mock Conductor 0754,+91900000754,ACTIVE,MOCK
C0755,D084,PEN-MOCK-0755,Mock Conductor 0755,+91900000755,ACTIVE,MOCK
C0756,D084,PEN-MOCK-0756,Mock Conductor 0756,+91900000756,ACTIVE,MOCK
C0757,D085,PEN-MOCK-0757,Mock Conductor 0757,+91900000757,ACTIVE,MOCK
C0758,D085,PEN-MOCK-0758,Mock Conductor 0758,+91900000758,ACTIVE,MOCK
C0759,D085,PEN-MOCK-0759,Mock Conductor 0759,+91900000759,ACTIVE,MOCK
C0760,D085,PEN-MOCK-0760,Mock Conductor 0760,+91900000760,ACTIVE,MOCK
C0761,D085,PEN-MOCK-0761,Mock Conductor 0761,+91900000761,ACTIVE,MOCK
C0762,D085,PEN-MOCK-0762,Mock Conductor 0762,+91900000762,ACTIVE,MOCK
C0763,D085,PEN-MOCK-0763,Mock Conductor 0763,+91900000763,ACTIVE,MOCK
C0764,D085,PEN-MOCK-0764,Mock Conductor 0764,+91900000764,ACTIVE,MOCK
C0765,D085,PEN-MOCK-0765,Mock Conductor 0765,+91900000765,ACTIVE,MOCK
C0766,D086,PEN-MOCK-0766,Mock Conductor 0766,+91900000766,ACTIVE,MOCK
C0767,D086,PEN-MOCK-0767,Mock Conductor 0767,+91900000767,ACTIVE,MOCK
C0768,D086,PEN-MOCK-0768,Mock Conductor 0768,+91900000768,ACTIVE,MOCK
C0769,D086,PEN-MOCK-0769,Mock Conductor 0769,+91900000769,ACTIVE,MOCK
C0770,D086,PEN-MOCK-0770,Mock Conductor 0770,+91900000770,ACTIVE,MOCK
C0771,D086,PEN-MOCK-0771,Mock Conductor 0771,+91900000771,ACTIVE,MOCK
C0772,D086,PEN-MOCK-0772,Mock Conductor 0772,+91900000772,ACTIVE,MOCK
C0773,D086,PEN-MOCK-0773,Mock Conductor 0773,+91900000773,ACTIVE,MOCK
C0774,D086,PEN-MOCK-0774,Mock Conductor 0774,+91900000774,ACTIVE,MOCK
C0775,D087,PEN-MOCK-0775,Mock Conductor 0775,+91900000775,ACTIVE,MOCK
C0776,D087,PEN-MOCK-0776,Mock Conductor 0776,+91900000776,ACTIVE,MOCK
C0777,D087,PEN-MOCK-0777,Mock Conductor 0777,+91900000777,ACTIVE,MOCK
C0778,D087,PEN-MOCK-0778,Mock Conductor 0778,+91900000778,ACTIVE,MOCK
C0779,D087,PEN-MOCK-0779,Mock Conductor 0779,+91900000779,ACTIVE,MOCK
C0780,D087,PEN-MOCK-0780,Mock Conductor 0780,+91900000780,ACTIVE,MOCK
C0781,D087,PEN-MOCK-0781,Mock Conductor 0781,+91900000781,ACTIVE,MOCK
C0782,D087,PEN-MOCK-0782,Mock Conductor 0782,+91900000782,ACTIVE,MOCK
C0783,D087,PEN-MOCK-0783,Mock Conductor 0783,+91900000783,ACTIVE,MOCK
C0784,D088,PEN-MOCK-0784,Mock Conductor 0784,+91900000784,ACTIVE,MOCK
C0785,D088,PEN-MOCK-0785,Mock Conductor 0785,+91900000785,ACTIVE,MOCK
C0786,D088,PEN-MOCK-0786,Mock Conductor 0786,+91900000786,ACTIVE,MOCK
C0787,D088,PEN-MOCK-0787,Mock Conductor 0787,+91900000787,ACTIVE,MOCK
C0788,D088,PEN-MOCK-0788,Mock Conductor 0788,+91900000788,ACTIVE,MOCK
C0789,D088,PEN-MOCK-0789,Mock Conductor 0789,+91900000789,ACTIVE,MOCK
C0790,D088,PEN-MOCK-0790,Mock Conductor 0790,+91900000790,ACTIVE,MOCK
C0791,D088,PEN-MOCK-0791,Mock Conductor 0791,+91900000791,ACTIVE,MOCK
C0792,D088,PEN-MOCK-0792,Mock Conductor 0792,+91900000792,ACTIVE,MOCK
C0793,D089,PEN-MOCK-0793,Mock Conductor 0793,+91900000793,ACTIVE,MOCK
C0794,D089,PEN-MOCK-0794,Mock Conductor 0794,+91900000794,ACTIVE,MOCK
C0795,D089,PEN-MOCK-0795,Mock Conductor 0795,+91900000795,ACTIVE,MOCK
C0796,D089,PEN-MOCK-0796,Mock Conductor 0796,+91900000796,ACTIVE,MOCK
C0797,D089,PEN-MOCK-0797,Mock Conductor 0797,+91900000797,ACTIVE,MOCK
C0798,D089,PEN-MOCK-0798,Mock Conductor 0798,+91900000798,ACTIVE,MOCK
C0799,D089,PEN-MOCK-0799,Mock Conductor 0799,+91900000799,ACTIVE,MOCK
C0800,D089,PEN-MOCK-0800,Mock Conductor 0800,+91900000800,ACTIVE,MOCK
C0801,D089,PEN-MOCK-0801,Mock Conductor 0801,+91900000801,ACTIVE,MOCK
C0802,D090,PEN-MOCK-0802,Mock Conductor 0802,+91900000802,ACTIVE,MOCK
C0803,D090,PEN-MOCK-0803,Mock Conductor 0803,+91900000803,ACTIVE,MOCK
C0804,D090,PEN-MOCK-0804,Mock Conductor 0804,+91900000804,ACTIVE,MOCK
C0805,D090,PEN-MOCK-0805,Mock Conductor 0805,+91900000805,ACTIVE,MOCK
C0806,D090,PEN-MOCK-0806,Mock Conductor 0806,+91900000806,ACTIVE,MOCK
C0807,D090,PEN-MOCK-0807,Mock Conductor 0807,+91900000807,ACTIVE,MOCK
C0808,D090,PEN-MOCK-0808,Mock Conductor 0808,+91900000808,ACTIVE,MOCK
C0809,D090,PEN-MOCK-0809,Mock Conductor 0809,+91900000809,ACTIVE,MOCK
C0810,D090,PEN-MOCK-0810,Mock Conductor 0810,+91900000810,ACTIVE,MOCK
C0811,D091,PEN-MOCK-0811,Mock Conductor 0811,+91900000811,ACTIVE,MOCK
C0812,D091,PEN-MOCK-0812,Mock Conductor 0812,+91900000812,ACTIVE,MOCK
C0813,D091,PEN-MOCK-0813,Mock Conductor 0813,+91900000813,ACTIVE,MOCK
C0814,D091,PEN-MOCK-0814,Mock Conductor 0814,+91900000814,ACTIVE,MOCK
C0815,D091,PEN-MOCK-0815,Mock Conductor 0815,+91900000815,ACTIVE,MOCK
C0816,D091,PEN-MOCK-0816,Mock Conductor 0816,+91900000816,ACTIVE,MOCK
C0817,D091,PEN-MOCK-0817,Mock Conductor 0817,+91900000817,ACTIVE,MOCK
C0818,D091,PEN-MOCK-0818,Mock Conductor 0818,+91900000818,ACTIVE,MOCK
C0819,D091,PEN-MOCK-0819,Mock Conductor 0819,+91900000819,ACTIVE,MOCK
C0820,D092,PEN-MOCK-0820,Mock Conductor 0820,+91900000820,ACTIVE,MOCK
C0821,D092,PEN-MOCK-0821,Mock Conductor 0821,+91900000821,ACTIVE,MOCK
C0822,D092,PEN-MOCK-0822,Mock Conductor 0822,+91900000822,ACTIVE,MOCK
C0823,D092,PEN-MOCK-0823,Mock Conductor 0823,+91900000823,ACTIVE,MOCK
C0824,D092,PEN-MOCK-0824,Mock Conductor 0824,+91900000824,ACTIVE,MOCK
C0825,D092,PEN-MOCK-0825,Mock Conductor 0825,+91900000825,ACTIVE,MOCK
C0826,D092,PEN-MOCK-0826,Mock Conductor 0826,+91900000826,ACTIVE,MOCK
C0827,D092,PEN-MOCK-0827,Mock Conductor 0827,+91900000827,ACTIVE,MOCK
C0828,D092,PEN-MOCK-0828,Mock Conductor 0828,+91900000828,ACTIVE,MOCK
C0829,D093,PEN-MOCK-0829,Mock Conductor 0829,+91900000829,ACTIVE,MOCK
C0830,D093,PEN-MOCK-0830,Mock Conductor 0830,+91900000830,ACTIVE,MOCK
C0831,D093,PEN-MOCK-0831,Mock Conductor 0831,+91900000831,ACTIVE,MOCK
C0832,D093,PEN-MOCK-0832,Mock Conductor 0832,+91900000832,ACTIVE,MOCK
C0833,D093,PEN-MOCK-0833,Mock Conductor 0833,+91900000833,ACTIVE,MOCK
C0834,D093,PEN-MOCK-0834,Mock Conductor 0834,+91900000834,ACTIVE,MOCK
C0835,D093,PEN-MOCK-0835,Mock Conductor 0835,+91900000835,ACTIVE,MOCK
C0836,D093,PEN-MOCK-0836,Mock Conductor 0836,+91900000836,ACTIVE,MOCK
C0837,D093,PEN-MOCK-0837,Mock Conductor 0837,+91900000837,ACTIVE,MOCK
C0838,D094,PEN-MOCK-0838,Mock Conductor 0838,+91900000838,ACTIVE,MOCK
C0839,D094,PEN-MOCK-0839,Mock Conductor 0839,+91900000839,ACTIVE,MOCK
C0840,D094,PEN-MOCK-0840,Mock Conductor 0840,+91900000840,ACTIVE,MOCK
C0841,D094,PEN-MOCK-0841,Mock Conductor 0841,+91900000841,ACTIVE,MOCK
C0842,D094,PEN-MOCK-0842,Mock Conductor 0842,+91900000842,ACTIVE,MOCK
C0843,D094,PEN-MOCK-0843,Mock Conductor 0843,+91900000843,ACTIVE,MOCK
C0844,D094,PEN-MOCK-0844,Mock Conductor 0844,+91900000844,ACTIVE,MOCK
C0845,D094,PEN-MOCK-0845,Mock Conductor 0845,+91900000845,ACTIVE,MOCK
C0846,D094,PEN-MOCK-0846,Mock Conductor 0846,+91900000846,ACTIVE,MOCK
C0847,D095,PEN-MOCK-0847,Mock Conductor 0847,+91900000847,ACTIVE,MOCK
C0848,D095,PEN-MOCK-0848,Mock Conductor 0848,+91900000848,ACTIVE,MOCK
C0849,D095,PEN-MOCK-0849,Mock Conductor 0849,+91900000849,ACTIVE,MOCK
C0850,D095,PEN-MOCK-0850,Mock Conductor 0850,+91900000850,ACTIVE,MOCK
C0851,D095,PEN-MOCK-0851,Mock Conductor 0851,+91900000851,ACTIVE,MOCK
C0852,D095,PEN-MOCK-0852,Mock Conductor 0852,+91900000852,ACTIVE,MOCK
C0853,D095,PEN-MOCK-0853,Mock Conductor 0853,+91900000853,ACTIVE,MOCK
C0854,D095,PEN-MOCK-0854,Mock Conductor 0854,+91900000854,ACTIVE,MOCK
C0855,D095,PEN-MOCK-0855,Mock Conductor 0855,+91900000855,ACTIVE,MOCK
C0856,D096,PEN-MOCK-0856,Mock Conductor 0856,+91900000856,ACTIVE,MOCK
C0857,D096,PEN-MOCK-0857,Mock Conductor 0857,+91900000857,ACTIVE,MOCK
C0858,D096,PEN-MOCK-0858,Mock Conductor 0858,+91900000858,ACTIVE,MOCK
C0859,D096,PEN-MOCK-0859,Mock Conductor 0859,+91900000859,ACTIVE,MOCK
C0860,D096,PEN-MOCK-0860,Mock Conductor 0860,+91900000860,ACTIVE,MOCK
C0861,D096,PEN-MOCK-0861,Mock Conductor 0861,+91900000861,ACTIVE,MOCK
C0862,D096,PEN-MOCK-0862,Mock Conductor 0862,+91900000862,ACTIVE,MOCK
C0863,D096,PEN-MOCK-0863,Mock Conductor 0863,+91900000863,ACTIVE,MOCK
C0864,D096,PEN-MOCK-0864,Mock Conductor 0864,+91900000864,ACTIVE,MOCK
C0865,D097,PEN-MOCK-0865,Mock Conductor 0865,+91900000865,ACTIVE,MOCK
C0866,D097,PEN-MOCK-0866,Mock Conductor 0866,+91900000866,ACTIVE,MOCK
C0867,D097,PEN-MOCK-0867,Mock Conductor 0867,+91900000867,ACTIVE,MOCK
C0868,D097,PEN-MOCK-0868,Mock Conductor 0868,+91900000868,ACTIVE,MOCK
C0869,D097,PEN-MOCK-0869,Mock Conductor 0869,+91900000869,ACTIVE,MOCK
C0870,D097,PEN-MOCK-0870,Mock Conductor 0870,+91900000870,ACTIVE,MOCK
C0871,D097,PEN-MOCK-0871,Mock Conductor 0871,+91900000871,ACTIVE,MOCK
C0872,D097,PEN-MOCK-0872,Mock Conductor 0872,+91900000872,ACTIVE,MOCK
C0873,D097,PEN-MOCK-0873,Mock Conductor 0873,+91900000873,ACTIVE,MOCK
