assignment_id,depot_id,bus_id,route_id,conductor_id,duty_date,shift_name,shift_start,shift_end,assignment_status,data_source
DA00001,D001,B0001,R0001,C0001,2026-09-23,MORNING,06:00,14:00,SCHEDULED,MOCK
DA00002,D001,B0001,R0001,C0002,2026-09-23,EVENING,14:00,22:00,SCHEDULED,MOCK
DA00003,D001,B0001,R0001,C0003,2026-09-23,NIGHT,22:00,06:00,SCHEDULED,MOCK
DA00004,D001,B0002,R0002,C0004,2026-09-23,MORNING,06:00,14:00,SCHEDULED,MOCK
DA00005,D001,B0002,R0002,C0005,2026-09-23,EVENING,14:00,22:00,SCHEDULED,MOCK
DA00006,D001,B0002,R0002,C0006,2026-09-23,NIGHT,22:00,06:00,SCHEDULED,MOCK
DA00007,D001,B0003,R0003,C0007,2026-09-23,MORNING,06:00,14:00,SCHEDULED,MOCK
DA00008,D001,B0003,R0003,C0008,2026-09-23,EVENING,14:00,22:00,SCHEDULED,MOCK
DA00009,D001,B0003,R0003,C0009,2026-09-23,NIGHT,22:00,06:00,SCHEDULED,MOCK
DA00010,D002,B0004,R0004,C0010,2026-09-23,MORNING,06:00,14:00,SCHEDULED,MOCK
DA00011,D002,B0004,R0004,C0011,2026-09-23,EVENING,14:00,22:00,SCHEDULED,MOCK
DA00012,D002,B0004,R0004,C0012,2026-09-23,NIGHT,22:00,06:00,SCHEDULED,MOCK
DA00013,D002,B0005,R0005,C0013,2026-09-23,MORNING,06:00,14:00,SCHEDULED,MOCK
DA00014,D002,B0005,R0005,C0014,2026-09-23,EVENING,14:00,22:00,SCHEDULED,MOCK
DA00015,D002,B0005,R0005,C0015,2026-09-23,NIGHT,22:00,06:00,SCHEDULED,MOCK
DA00016,D002,B0006,R0006,C0016,2026-09-23,MORNING,06:00,14:00,SCHEDULED,MOCK
DA00017,D002,B0006,R0006,C0017,2026-09-23,EVENING,14:00,22:00,SCHEDULED,MOCK
DA00018,D002,B0006,R0006,C0018,2026-09-23,NIGHT,22:00,06:00,SCHEDULED,MOCK
DA00019,D003,B0007,R0007,C0019,2026-09-23,MORNING,06:00,14:00,SCHEDULED,MOCK
DA00020,D003,B0007,R0007,C0020,2026-09-23,EVENING,14:00,22:00,SCHEDULED,MOCK
DA00021,D003,B0007,R0007,C0021,2026-09-23,NIGHT,22:00,06:00,SCHEDULED,MOCK
DA00022,D003,B0008,R0008,C0022,2026-09-23,MORNING,06:00,14:00,SCHEDULED,MOCK
DA00023,D003,B0008,R0008,C0023,2026-09-23,EVENING,14:00,22:00,SCHEDULED,MOCK
DA00024,D003,B0008,R0008,C0024,2026-09-23,NIGHT,22:00,06:00,SCHEDULED,MOCK
DA00025,D003,B0009,R0009,C0025,2026-09-23,MORNING,06:00,14:00,SCHEDULED,MOCK
DA00026,D003,B0009,R0009,C0026,2026-09-23,EVENING,14:00,22:00,SCHEDULED,MOCK
DA00027,D003,B0009,R0009,C0027,2026-09-23,NIGHT,22:00,06:00,SCHEDULED,MOCK
DA00028,D004,B0010,R0010,C0028,2026-09-23,MORNING,06:00,14:00,SCHEDULED,MOCK
DA00029,D004,B0010,R0010,C0029,2026-09-23,EVENING,14:00,22:00,SCHEDULED,MOCK
DA00030,D004,B0010,R0010,C0030,2026-09-23,NIGHT,22:00,06:00,SCHEDULED,MOCK
DA00031,D004,B0011,R0011,C0031,2026-09-23,MORNING,06:00,14:00,SCHEDULED,MOCK
DA00032,D004,B0011,R0011,C0032,2026-09-23,EVENING,14:00,22:00,SCHEDULED,MOCK
DA00033,D004,B0011,R0011,C0033,2026-09-23,NIGHT,22:00,06:00,SCHEDULED,MOCK
DA00034,D004,B0012,R0012,C0034,2026-09-23,MORNING,06:00,14:00,SCHEDULED,MOCK
DA00035,D004,B0012,R0012,C0035,2026-09-23,EVENING,14:00,22:00,SCHEDULED,MOCK
DA00036,D004,B0012,R0012,C0036,2026-09-23,NIGHT,22:00,06:00,SCHEDULED,MOCK
DA00037,D005,B0013,R0013,C0037,2026-09-23,MORNING,06:00,14:00,SCHEDULED,MOCK
DA00038,D005,B0013,R0013,C0038,2026-09-23,EVENING,14:00,22:00,SCHEDULED,MOCK
DA00039,D005,B0013,R0013,C0039,2026-09-23,NIGHT,22:00,06:00,SCHEDULED,MOCK
DA00040,D005,B0014,R0014,C0040,2026-09-23,MORNING,06:00,14:00,SCHEDULED,MOCK
DA00041,D005,B0014,R0014,C0041,2026-09-23,EVENING,14:00,22:00,SCHEDULED,MOCK
DA00042,D005,B0014,R0014,C0042,2026-09-23,NIGHT,22:00,06:00,SCHEDULED,MOCK
DA00043,D005,B0015,R0015,C0043,2026-09-23,MORNING,06:00,14:00,SCHEDULED,MOCK
DA00044,D005,B0015,R0015,C0044,2026-09-23,EVENING,14:00,22:00,SCHEDULED,MOCK
DA00045,D005,B0015,R0015,C0045,2026-09-23,NIGHT,22:00,06:00,SCHEDULED,MOCK
DA00046,D006,B0016,R0016,C0046,2026-09-23,MORNING,06:00,14:00,SCHEDULED,MOCK
DA00047,D006,B0016,R0016,C0047,2026-09-23,EVENING,14:00,22:00,SCHEDULED,MOCK
DA00048,D006,B0016,R0016,C0048,2026-09-23,NIGHT,22:00,06:00,SCHEDULED,MOCK
DA00049,D006,B0017,R0017,C0049,2026-09-23,MORNING,06:00,14:00,SCHEDULED,MOCK
DA00050,D006,B0017,R0017,C0050,2026-09-23,EVENING,14:00,22:00,SCHEDULED,MOCK
DA00051,D006,B0017,R0017,C0051,2026-09-23,NIGHT,22:00,06:00,SCHEDULED,MOCK
DA00052,D006,B0018,R0018,C0052,2026-09-23,MORNING,06:00,14:00,SCHEDULED,MOCK
DA00053,D006,B0018,R0018,C0053,2026-09-23,EVENING,14:00,22:00,SCHEDULED,MOCK
DA00054,D006,B0018,R0018,C0054,2026-09-23,NIGHT,22:00,06:00,SCHEDULED,MOCK
DA00055,D007,B0019,R0019,C0055,2026-09-23,MORNING,06:00,14:00,SCHEDULED,MOCK
DA00056,D007,B0019,R0019,C0056,2026-09-23,EVENING,14:00,22:00,SCHEDULED,MOCK
DA00057,D007,B0019,R0019,C0057,2026-09-23,NIGHT,22:00,06:00,SCHEDULED,MOCK
DA00058,D007,B0020,R0020,C0058,2026-09-23,MORNING,06:00,14:00,SCHEDULED,MOCK
DA00059,D007,B0020,R0020,C0059,2026-09-23,EVENING,14:00,22:00,SCHEDULED,MOCK
DA00060,D007,B0020,R0020,C0060,2026-09-23,NIGHT,22:00,06:00,SCHEDULED,MOCK
DA00061,D007,B0021,R0021,C0061,2026-09-23,MORNING,06:00,14:00,SCHEDULED,MOCK
DA00062,D007,B0021,R0021,C0062,2026-09-23,EVENING,14:00,22:00,SCHEDULED,MOCK
DA00063,D007,B0021,R0021,C0063,2026-09-23,NIGHT,22:00,06:00,SCHEDULED,MOCK
DA00064,D008,B0022,R0022,C0064,2026-09-23,MORNING,06:00,14:00,SCHEDULED,MOCK
DA00065,D008,B0022,R0022,C0065,2026-09-23,EVENING,14:00,22:00,SCHEDULED,MOCK
DA00066,D008,B0022,R0022,C0066,2026-09-23,NIGHT,22:00,06:00,SCHEDULED,MOCK
DA00067,D008,B0023,R0023,C0067,2026-09-23,MORNING,06:00,14:00,SCHEDULED,MOCK
DA00068,D008,B0023,R0023,C0068,2026-09-23,EVENING,14:00,22:00,SCHEDULED,MOCK
DA00069,D008,B0023,R0023,C0069,2026-09-23,NIGHT,22:00,06:00,SCHEDULED,MOCK
DA00070,D008,B0024,R0024,C0070,2026-09-23,MORNING,06:00,14:00,SCHEDULED,MOCK
DA00071,D008,B0024,R0024,C0071,2026-09-23,EVENING,14:00,22:00,SCHEDULED,MOCK
DA00072,D008,B0024,R0024,C0072,2026-09-23,NIGHT,22:00,06:00,SCHEDULED,MOCK
DA00073,D009,B0025,R0025,C0073,2026-09-23,MORNING,06:00,14:00,SCHEDULED,MOCK
DA00074,D009,B0025,R0025,C0074,2026-09-23,EVENING,14:00,22:00,SCHEDULED,MOCK
DA00075,D009,B0025,R0025,C0075,2026-09-23,NIGHT,22:00,06:00,SCHEDULED,MOCK
DA00076,D009,B0026,R0026,C0076,2026-09-23,MORNING,06:00,14:00,SCHEDULED,MOCK
DA00077,D009,B0026,R0026,C0077,2026-09-23,EVENING,14:00,22:00,SCHEDULED,MOCK
DA00078,D009,B0026,R0026,C0078,2026-09-23,NIGHT,22:00,06:00,SCHEDULED,MOCK
DA00079,D009,B0027,R0027,C0079,2026-09-23,MORNING,06:00,14:00,SCHEDULED,MOCK
DA00080,D009,B0027,R0027,C0080,2026-09-23,EVENING,14:00,22:00,SCHEDULED,MOCK
DA00081,D009,B0027,R0027,C0081,2026-09-23,NIGHT,22:00,06:00,SCHEDULED,MOCK
DA00082,D010,B0028,R0028,C0082,2026-09-23,MORNING,06:00,14:00,SCHEDULED,MOCK
DA00083,D010,B0028,R0028,C0083,2026-09-23,EVENING,14:00,22:00,SCHEDULED,MOCK
DA00084,D010,B0028,R0028,C0084,2026-09-23,NIGHT,22:00,06:00,SCHEDULED,MOCK
DA00085,D010,B0029,R0029,C0085,2026-09-23,MORNING,06:00,14:00,SCHEDULED,MOCK
DA00086,D010,B0029,R0029,C0086,2026-09-23,EVENING,14:00,22:00,SCHEDULED,MOCK
DA00087,D010,B0029,R0029,C0087,2026-09-23,NIGHT,22:00,06:00,SCHEDULED,MOCK
DA00088,D010,B0030,R0030,C0088,2026-09-23,MORNING,06:00,14:00,SCHEDULED,MOCK
DA00089,D010,B0030,R0030,C0089,2026-09-23,EVENING,14:00,22:00,SCHEDULED,MOCK
DA00090,D010,B0030,R0030,C0090,2026-09-23,NIGHT,22:00,06:00,SCHEDULED,MOCK
DA00091,D011,B0031,R0031,C0091,2026-09-23,MORNING,06:00,14:00,SCHEDULED,MOCK
DA00092,D011,B0031,R0031,C0092,2026-09-23,EVENING,14:00,22:00,SCHEDULED,MOCK
DA00093,D011,B0031,R0031,C0093,2026-09-23,NIGHT,22:00,06:00,SCHEDULED,MOCK
DA00094,D011,B0032,R0032,C0094,2026-09-23,MORNING,06:00,14:00,SCHEDULED,MOCK
DA00095,D011,B0032,R0032,C0095,2026-09-23,EVENING,14:00,22:00,SCHEDULED,MOCK
DA00096,D011,B0032,R0032,C0096,2026-09-23,NIGHT,22:00,06:00,SCHEDULED,MOCK
DA00097,D011,B0033,R0033,C0097,2026-09-23,MORNING,06:00,14:00,SCHEDULED,MOCK
DA00098,D011,B0033,R0033,C0098,2026-09-23,EVENING,14:00,22:00,SCHEDULED,MOCK
DA00099,D011,B0033,R0033,C0099,2026-09-23,NIGHT,22:00,06:00,SCHEDULED,MOCK
DA00100,D012,B0034,R0034,C0100,2026-09-23,MORNING,06:00,14:00,SCHEDULED,MOCK
DA00101,D012,B0034,R0034,C0101,2026-09-23,EVENING,14:00,22:00,SCHEDULED,MOCK
DA00102,D012,B0034,R0034,C0102,2026-09-23,NIGHT,22:00,06:00,SCHEDULED,MOCK
DA00103,D012,B0035,R0035,C0103,2026-09-23,MORNING,06:00,14:00,SCHEDULED,MOCK
DA00104,D012,B0035,R0035,C0104,2026-09-23,EVENING,14:00,22:00,SCHEDULED,MOCK
DA00105,D012,B0035,R0035,C0105,2026-09-23,NIGHT,22:00,06:00,SCHEDULED,MOCK
DA00106,D012,B0036,R0036,C0106,2026-09-23,MORNING,06:00,14:00,SCHEDULED,MOCK
DA00107,D012,B0036,R0036,C0107,2026-09-23,EVENING,14:00,22:00,SCHEDULED,MOCK
DA00108,D012,B0036,R0036,C0108,2026-09-23,NIGHT,22:00,06:00,SCHEDULED,MOCK
DA00109,D013,B0037,R0037,C0109,2026-09-23,MORNING,06:00,14:00,SCHEDULED,MOCK
DA00110,D013,B0037,R0037,C0110,2026-09-23,EVENING,14:00,22:00,SCHEDULED,MOCK
DA00111,D013,B0037,R0037,C0111,2026-09-23,NIGHT,22:00,06:00,SCHEDULED,MOCK
DA00112,D013,B0038,R0038,C0112,2026-09-23,MORNING,06:00,14:00,SCHEDULED,MOCK
DA00113,D013,B0038,R0038,C0113,2026-09-23,EVENING,14:00,22:00,SCHEDULED,MOCK
DA00114,D013,B0038,R0038,C0114,2026-09-23,NIGHT,22:00,06:00,SCHEDULED,MOCK
DA00115,D013,B0039,R0039,C0115,2026-09-23,MORNING,06:00,14:00,SCHEDULED,MOCK
DA00116,D013,B0039,R0039,C0116,2026-09-23,EVENING,14:00,22:00,SCHEDULED,MOCK
DA00117,D013,B0039,R0039,C0117,2026-09-23,NIGHT,22:00,06:00,SCHEDULED,MOCK
DA00118,D014,B0040,R0040,C0118,2026-09-23,MORNING,06:00,14:00,SCHEDULED,MOCK
DA00119,D014,B0040,R0040,C0119,2026-09-23,EVENING,14:00,22:00,SCHEDULED,MOCK
DA00120,D014,B0040,R0040,C0120,2026-09-23,NIGHT,22:00,06:00,SCHEDULED,MOCK
DA00121,D014,B0041,R0041,C0121,2026-09-23,MORNING,06:00,14:00,SCHEDULED,MOCK
DA00122,D014,B0041,R0041,C0122,2026-09-23,EVENING,14:00,22:00,SCHEDULED,MOCK
DA00123,D014,B0041,R0041,C0123,2026-09-23,NIGHT,22:00,06:00,SCHEDULED,MOCK
DA00124,D014,B0042,R0042,C0124,2026-09-23,MORNING,06:00,14:00,SCHEDULED,MOCK
DA00125,D014,B0042,R0042,C0125,2026-09-23,EVENING,14:00,22:00,SCHEDULED,MOCK
DA00126,D014,B0042,R0042,C0126,2026-09-23,NIGHT,22:00,06:00,SCHEDULED,MOCK
DA00127,D015,B0043,R0043,C0127,2026-09-23,MORNING,06:00,14:00,SCHEDULED,MOCK
DA00128,D015,B0043,R0043,C0128,2026-09-23,EVENING,14:00,22:00,SCHEDULED,MOCK
DA00129,D015,B0043,R0043,C0129,2026-09-23,NIGHT,22:00,06:00,SCHEDULED,MOCK
DA00130,D015,B0044,R0044,C0130,2026-09-23,MORNING,06:00,14:00,SCHEDULED,MOCK
DA00131,D015,B0044,R0044,C0131,2026-09-23,EVENING,14:00,22:00,SCHEDULED,MOCK
DA00132,D015,B0044,R0044,C0132,2026-09-23,NIGHT,22:00,06:00,SCHEDULED,MOCK
DA00133,D015,B0045,R0045,C0133,2026-09-23,MORNING,06:00,14:00,SCHEDULED,MOCK
DA00134,D015,B0045,R0045,C0134,2026-09-23,EVENING,14:00,22:00,SCHEDULED,MOCK
DA00135,D015,B0045,R0045,C0135,2026-09-23,NIGHT,22:00,06:00,SCHEDULED,MOCK
DA00136,D016,B0046,R0046,C0136,2026-09-23,MORNING,06:00,14:00,SCHEDULED,MOCK
DA00137,D016,B0046,R0046,C0137,2026-09-23,EVENING,14:00,22:00,SCHEDULED,MOCK
DA00138,D016,B0046,R0046,C0138,2026-09-23,NIGHT,22:00,06:00,SCHEDULED,MOCK
DA00139,D016,B0047,R0047,C0139,2026-09-23,MORNING,06:00,14:00,SCHEDULED,MOCK
DA00140,D016,B0047,R0047,C0140,2026-09-23,EVENING,14:00,22:00,SCHEDULED,MOCK
DA00141,D016,B0047,R0047,C0141,2026-09-23,NIGHT,22:00,06:00,SCHEDULED,MOCK
DA00142,D016,B0048,R0048,C0142,2026-09-23,MORNING,06:00,14:00,SCHEDULED,MOCK
DA00143,D016,B0048,R0048,C0143,2026-09-23,EVENING,14:00,22:00,SCHEDULED,MOCK
DA00144,D016,B0048,R0048,C0144,2026-09-23,NIGHT,22:00,06:00,SCHEDULED,MOCK
DA00145,D017,B0049,R0049,C0145,2026-09-23,MORNING,06:00,14:00,SCHEDULED,MOCK
DA00146,D017,B0049,R0049,C0146,2026-09-23,EVENING,14:00,22:00,SCHEDULED,MOCK
DA00147,D017,B0049,R0049,C0147,2026-09-23,NIGHT,22:00,06:00,SCHEDULED,MOCK
DA00148,D017,B0050,R0050,C0148,2026-09-23,MORNING,06:00,14:00,SCHEDULED,MOCK
DA00149,D017,B0050,R0050,C0149,2026-09-23,EVENING,14:00,22:00,SCHEDULED,MOCK
DA00150,D017,B0050,R0050,C0150,2026-09-23,NIGHT,22:00,06:00,SCHEDULED,MOCK
DA00151,D017,B0051,R0051,C0151,2026-09-23,MORNING,06:00,14:00,SCHEDULED,MOCK
DA00152,D017,B0051,R0051,C0152,2026-09-23,EVENING,14:00,22:00,SCHEDULED,MOCK
DA00153,D017,B0051,R0051,C0153,2026-09-23,NIGHT,22:00,06:00,SCHEDULED,MOCK
DA00154,D018,B0052,R0052,C0154,2026-09-23,MORNING,06:00,14:00,SCHEDULED,MOCK
DA00155,D018,B0052,R0052,C0155,2026-09-23,EVENING,14:00,22:00,SCHEDULED,MOCK
DA00156,D018,B0052,R0052,C0156,2026-09-23,NIGHT,22:00,06:00,SCHEDULED,MOCK
DA00157,D018,B0053,R0053,C0157,2026-09-23,MORNING,06:00,14:00,SCHEDULED,MOCK
DA00158,D018,B0053,R0053,C0158,2026-09-23,EVENING,14:00,22:00,SCHEDULED,MOCK
DA00159,D018,B0053,R0053,C0159,2026-09-23,NIGHT,22:00,06:00,SCHEDULED,MOCK
DA00160,D018,B0054,R0054,C0160,2026-09-23,MORNING,06:00,14:00,SCHEDULED,MOCK
DA00161,D018,B0054,R0054,C0161,2026-09-23,EVENING,14:00,22:00,SCHEDULED,MOCK
DA00162,D018,B0054,R0054,C0162,2026-09-23,NIGHT,22:00,06:00,SCHEDULED,MOCK
DA00163,D019,B0055,R0055,C0163,2026-09-23,MORNING,06:00,14:00,SCHEDULED,MOCK
DA00164,D019,B0055,R0055,C0164,2026-09-23,EVENING,14:00,22:00,SCHEDULED,MOCK
DA00165,D019,B0055,R0055,C0165,2026-09-23,NIGHT,22:00,06:00,SCHEDULED,MOCK
DA00166,D019,B0056,R0056,C0166,2026-09-23,MORNING,06:00,14:00,SCHEDULED,MOCK
DA00167,D019,B0056,R0056,C0167,2026-09-23,EVENING,14:00,22:00,SCHEDULED,MOCK
DA00168,D019,B0056,R0056,C0168,2026-09-23,NIGHT,22:00,06:00,SCHEDULED,MOCK
DA00169,D019,B0057,R0057,C0169,2026-09-23,MORNING,06:00,14:00,SCHEDULED,MOCK
DA00170,D019,B0057,R0057,C0170,2026-09-23,EVENING,14:00,22:00,SCHEDULED,MOCK
DA00171,D019,B0057,R0057,C0171,2026-09-23,NIGHT,22:00,06:00,SCHEDULED,MOCK
DA00172,D020,B0058,R0058,C0172,2026-09-23,MORNING,06:00,14:00,SCHEDULED,MOCK
DA00173,D020,B0058,R0058,C0173,2026-09-23,EVENING,14:00,22:00,SCHEDULED,MOCK
DA00174,D020,B0058,R0058,C0174,2026-09-23,NIGHT,22:00,06:00,SCHEDULED,MOCK
DA00175,D020,B0059,R0059,C0175,2026-09-23,MORNING,06:00,14:00,SCHEDULED,MOCK
DA00176,D020,B0059,R0059,C0176,2026-09-23,EVENING,14:00,22:00,SCHEDULED,MOCK
DA00177,D020,B0059,R0059,C0177,2026-09-23,NIGHT,22:00,06:00,SCHEDULED,MOCK
DA00178,D020,B0060,R0060,C0178,2026-09-23,MORNING,06:00,14:00,SCHEDULED,MOCK
DA00179,D020,B0060,R0060,C0179,2026-09-23,EVENING,14:00,22:00,SCHEDULED,MOCK
DA00180,D020,B0060,R0060,C0180,2026-09-23,NIGHT,22:00,06:00,SCHEDULED,MOCK
DA00181,D021,B0061,R0061,C0181,2026-09-23,MORNING,06:00,14:00,SCHEDULED,MOCK
DA00182,D021,B0061,R0061,C0182,2026-09-23,EVENING,14:00,22:00,SCHEDULED,MOCK
DA00183,D021,B0061,R0061,C0183,2026-09-23,NIGHT,22:00,06:00,SCHEDULED,MOCK
DA00184,D021,B0062,R0062,C0184,2026-09-23,MORNING,06:00,14:00,SCHEDULED,MOCK
DA00185,D021,B0062,R0062,C0185,2026-09-23,EVENING,14:00,22:00,SCHEDULED,MOCK
DA00186,D021,B0062,R0062,C0186,2026-09-23,NIGHT,22:00,06:00,SCHEDULED,MOCK
DA00187,D021,B0063,R0063,C0187,2026-09-23,MORNING,06:00,14:00,SCHEDULED,MOCK
DA00188,D021,B0063,R0063,C0188,2026-09-23,EVENING,14:00,22:00,SCHEDULED,MOCK
DA00189,D021,B0063,R0063,C0189,2026-09-23,NIGHT,22:00,06:00,SCHEDULED,MOCK
DA00190,D022,B0064,R0064,C0190,2026-09-23,MORNING,06:00,14:00,SCHEDULED,MOCK
DA00191,D022,B0064,R0064,C0191,2026-09-23,EVENING,14:00,22:00,SCHEDULED,MOCK
DA00192,D022,B0064,R0064,C0192,2026-09-23,NIGHT,22:00,06:00,SCHEDULED,MOCK
DA00193,D022,B0065,R0065,C0193,2026-09-23,MORNING,06:00,14:00,SCHEDULED,MOCK
DA00194,D022,B0065,R0065,C0194,2026-09-23,EVENING,14:00,22:00,SCHEDULED,MOCK
DA00195,D022,B0065,R0065,C0195,2026-09-23,NIGHT,22:00,06:00,SCHEDULED,MOCK
DA00196,D022,B0066,R0066,C0196,2026-09-23,MORNING,06:00,14:00,SCHEDULED,MOCK
DA00197,D022,B0066,R0066,C0197,2026-09-23,EVENING,14:00,22:00,SCHEDULED,MOCK
DA00198,D022,B0066,R0066,C0198,2026-09-23,NIGHT,22:00,06:00,SCHEDULED,MOCK
DA00199,D023,B0067,R0067,C0199,2026-09-23,MORNING,06:00,14:00,SCHEDULED,MOCK
DA00200,D023,B0067,R0067,C0200,2026-09-23,EVENING,14:00,22:00,SCHEDULED,MOCK
DA00201,D023,B0067,R0067,C0201,2026-09-23,NIGHT,22:00,06:00,SCHEDULED,MOCK
DA00202,D023,B0068,R0068,C0202,2026-09-23,MORNING,06:00,14:00,SCHEDULED,MOCK
DA00203,D023,B0068,R0068,C0203,2026-09-23,EVENING,14:00,22:00,SCHEDULED,MOCK
DA00204,D023,B0068,R0068,C0204,2026-09-23,NIGHT,22:00,06:00,SCHEDULED,MOCK
DA00205,D023,B0069,R0069,C0205,2026-09-23,MORNING,06:00,14:00,SCHEDULED,MOCK
DA00206,D023,B0069,R0069,C0206,2026-09-23,EVENING,14:00,22:00,SCHEDULED,MOCK
DA00207,D023,B0069,R0069,C0207,2026-09-23,NIGHT,22:00,06:00,SCHEDULED,MOCK
DA00208,D024,B0070,R0070,C0208,2026-09-23,MORNING,06:00,14:00,SCHEDULED,MOCK
DA00209,D024,B0070,R0070,C0209,2026-09-23,EVENING,14:00,22:00,SCHEDULED,MOCK
DA00210,D024,B0070,R0070,C0210,2026-09-23,NIGHT,22:00,06:00,SCHEDULED,MOCK
DA00211,D024,B0071,R0071,C0211,2026-09-23,MORNING,06:00,14:00,SCHEDULED,MOCK
DA00212,D024,B0071,R0071,C0212,2026-09-23,EVENING,14:00,22:00,SCHEDULED,MOCK
DA00213,D024,B0071,R0071,C0213,2026-09-23,NIGHT,22:00,06:00,SCHEDULED,MOCK
DA00214,D024,B0072,R0072,C0214,2026-09-23,MORNING,06:00,14:00,SCHEDULED,MOCK
DA00215,D024,B0072,R0072,C0215,2026-09-23,EVENING,14:00,22:00,SCHEDULED,MOCK
DA00216,D024,B0072,R0072,C0216,2026-09-23,NIGHT,22:00,06:00,SCHEDULED,MOCK
DA00217,D025,B0073,R0073,C0217,2026-09-23,MORNING,06:00,14:00,SCHEDULED,MOCK
DA00218,D025,B0073,R0073,C0218,2026-09-23,EVENING,14:00,22:00,SCHEDULED,MOCK
DA00219,D025,B0073,R0073,C0219,2026-09-23,NIGHT,22:00,06:00,SCHEDULED,MOCK
DA00220,D025,B0074,R0074,C0220,2026-09-23,MORNING,06:00,14:00,SCHEDULED,MOCK
DA00221,D025,B0074,R0074,C0221,2026-09-23,EVENING,14:00,22:00,SCHEDULED,MOCK
DA00222,D025,B0074,R0074,C0222,2026-09-23,NIGHT,22:00,06:00,SCHEDULED,MOCK
DA00223,D025,B0075,R0075,C0223,2026-09-23,MORNING,06:00,14:00,SCHEDULED,MOCK
DA00224,D025,B0075,R0075,C0224,2026-09-23,EVENING,14:00,22:00,SCHEDULED,MOCK
DA00225,D025,B0075,R0075,C0225,2026-09-23,NIGHT,22:00,06:00,SCHEDULED,MOCK
DA00226,D026,B0076,R0076,C0226,2026-09-23,MORNING,06:00,14:00,SCHEDULED,MOCK
DA00227,D026,B0076,R0076,C0227,2026-09-23,EVENING,14:00,22:00,SCHEDULED,MOCK
DA00228,D026,B0076,R0076,C0228,2026-09-23,NIGHT,22:00,06:00,SCHEDULED,MOCK
DA00229,D026,B0077,R0077,C0229,2026-09-23,MORNING,06:00,14:00,SCHEDULED,MOCK
DA00230,D026,B0077,R0077,C0230,2026-09-23,EVENING,14:00,22:00,SCHEDULED,MOCK
DA00231,D026,B0077,R0077,C0231,2026-09-23,NIGHT,22:00,06:00,SCHEDULED,MOCK
DA00232,D026,B0078,R0078,C0232,2026-09-23,MORNING,06:00,14:00,SCHEDULED,MOCK
DA00233,D026,B0078,R0078,C0233,2026-09-23,EVENING,14:00,22:00,SCHEDULED,MOCK
DA00234,D026,B0078,R0078,C0234,2026-09-23,NIGHT,22:00,06:00,SCHEDULED,MOCK
DA00235,D027,B0079,R0079,C0235,2026-09-23,MORNING,06:00,14:00,SCHEDULED,MOCK
DA00236,D027,B0079,R0079,C0236,2026-09-23,EVENING,14:00,22:00,SCHEDULED,MOCK
DA00237,D027,B0079,R0079,C0237,2026-09-23,NIGHT,22:00,06:00,SCHEDULED,MOCK
DA00238,D027,B0080,R0080,C0238,2026-09-23,MORNING,06:00,14:00,SCHEDULED,MOCK
DA00239,D027,B0080,R0080,C0239,2026-09-23,EVENING,14:00,22:00,SCHEDULED,MOCK
DA00240,D027,B0080,R0080,C0240,2026-09-23,NIGHT,22:00,06:00,SCHEDULED,MOCK
DA00241,D027,B0081,R0081,C0241,2026-09-23,MORNING,06:00,14:00,SCHEDULED,MOCK
DA00242,D027,B0081,R0081,C0242,2026-09-23,EVENING,14:00,22:00,SCHEDULED,MOCK
DA00243,D027,B0081,R0081,C0243,2026-09-23,NIGHT,22:00,06:00,SCHEDULED,MOCK
DA00244,D028,B0082,R0082,C0244,2026-09-23,MORNING,06:00,14:00,SCHEDULED,MOCK
DA00245,D028,B0082,R0082,C0245,2026-09-23,EVENING,14:00,22:00,SCHEDULED,MOCK
DA00246,D028,B0082,R0082,C0246,2026-09-23,NIGHT,22:00,06:00,SCHEDULED,MOCK
DA00247,D028,B0083,R0083,C0247,2026-09-23,MORNING,06:00,14:00,SCHEDULED,MOCK
DA00248,D028,B0083,R0083,C0248,2026-09-23,EVENING,14:00,22:00,SCHEDULED,MOCK
DA00249,D028,B0083,R0083,C0249,2026-09-23,NIGHT,22:00,06:00,SCHEDULED,MOCK
DA00250,D028,B0084,R0084,C0250,2026-09-23,MORNING,06:00,14:00,SCHEDULED,MOCK
DA00251,D028,B0084,R0084,C0251,2026-09-23,EVENING,14:00,22:00,SCHEDULED,MOCK
DA00252,D028,B0084,R0084,C0252,2026-09-23,NIGHT,22:00,06:00,SCHEDULED,MOCK
DA00253,D029,B0085,R0085,C0253,2026-09-23,MORNING,06:00,14:00,SCHEDULED,MOCK
DA00254,D029,B0085,R0085,C0254,2026-09-23,EVENING,14:00,22:00,SCHEDULED,MOCK
DA00255,D029,B0085,R0085,C0255,2026-09-23,NIGHT,22:00,06:00,SCHEDULED,MOCK
DA00256,D029,B0086,R0086,C0256,2026-09-23,MORNING,06:00,14:00,SCHEDULED,MOCK
DA00257,D029,B0086,R0086,C0257,2026-09-23,EVENING,14:00,22:00,SCHEDULED,MOCK
DA00258,D029,B0086,R0086,C0258,2026-09-23,NIGHT,22:00,06:00,SCHEDULED,MOCK
DA00259,D029,B0087,R0087,C0259,2026-09-23,MORNING,06:00,14:00,SCHEDULED,MOCK
DA00260,D029,B0087,R0087,C0260,2026-09-23,EVENING,14:00,22:00,SCHEDULED,MOCK
DA00261,D029,B0087,R0087,C0261,2026-09-23,NIGHT,22:00,06:00,SCHEDULED,MOCK
DA00262,D030,B0088,R0088,C0262,2026-09-23,MORNING,06:00,14:00,SCHEDULED,MOCK
DA00263,D030,B0088,R0088,C0263,2026-09-23,EVENING,14:00,22:00,SCHEDULED,MOCK
DA00264,D030,B0088,R0088,C0264,2026-09-23,NIGHT,22:00,06:00,SCHEDULED,MOCK
DA00265,D030,B0089,R0089,C0265,2026-09-23,MORNING,06:00,14:00,SCHEDULED,MOCK
DA00266,D030,B0089,R0089,C0266,2026-09-23,EVENING,14:00,22:00,SCHEDULED,MOCK
DA00267,D030,B0089,R0089,C0267,2026-09-23,NIGHT,22:00,06:00,SCHEDULED,MOCK
DA00268,D030,B0090,R0090,C0268,2026-09-23,MORNING,06:00,14:00,SCHEDULED,MOCK
DA00269,D030,B0090,R0090,C0269,2026-09-23,EVENING,14:00,22:00,SCHEDULED,MOCK
DA00270,D030,B0090,R0090,C0270,2026-09-23,NIGHT,22:00,06:00,SCHEDULED,MOCK
DA00271,D031,B0091,R0091,C0271,2026-09-23,MORNING,06:00,14:00,SCHEDULED,MOCK
DA00272,D031,B0091,R0091,C0272,2026-09-23,EVENING,14:00,22:00,SCHEDULED,MOCK
DA00273,D031,B0091,R0091,C0273,2026-09-23,NIGHT,22:00,06:00,SCHEDULED,MOCK
DA00274,D031,B0092,R0092,C0274,2026-09-23,MORNING,06:00,14:00,SCHEDULED,MOCK
DA00275,D031,B0092,R0092,C0275,2026-09-23,EVENING,14:00,22:00,SCHEDULED,MOCK
DA00276,D031,B0092,R0092,C0276,2026-09-23,NIGHT,22:00,06:00,SCHEDULED,MOCK
DA00277,D031,B0093,R0093,C0277,2026-09-23,MORNING,06:00,14:00,SCHEDULED,MOCK
DA00278,D031,B0093,R0093,C0278,2026-09-23,EVENING,14:00,22:00,SCHEDULED,MOCK
DA00279,D031,B0093,R0093,C0279,2026-09-23,NIGHT,22:00,06:00,SCHEDULED,MOCK
DA00280,D032,B0094,R0094,C0280,2026-09-23,MORNING,06:00,14:00,SCHEDULED,MOCK
DA00281,D032,B0094,R0094,C0281,2026-09-23,EVENING,14:00,22:00,SCHEDULED,MOCK
DA00282,D032,B0094,R0094,C0282,2026-09-23,NIGHT,22:00,06:00,SCHEDULED,MOCK
DA00283,D032,B0095,R0095,C0283,2026-09-23,MORNING,06:00,14:00,SCHEDULED,MOCK
DA00284,D032,B0095,R0095,C0284,2026-09-23,EVENING,14:00,22:00,SCHEDULED,MOCK
DA00285,D032,B0095,R0095,C0285,2026-09-23,NIGHT,22:00,06:00,SCHEDULED,MOCK
DA00286,D032,B0096,R0096,C0286,2026-09-23,MORNING,06:00,14:00,SCHEDULED,MOCK
DA00287,D032,B0096,R0096,C0287,2026-09-23,EVENING,14:00,22:00,SCHEDULED,MOCK
DA00288,D032,B0096,R0096,C0288,2026-09-23,NIGHT,22:00,06:00,SCHEDULED,MOCK
DA00289,D033,B0097,R0097,C0289,2026-09-23,MORNING,06:00,14:00,SCHEDULED,MOCK
DA00290,D033,B0097,R0097,C0290,2026-09-23,EVENING,14:00,22:00,SCHEDULED,MOCK
DA00291,D033,B0097,R0097,C0291,2026-09-23,NIGHT,22:00,06:00,SCHEDULED,MOCK
DA00292,D033,B0098,R0098,C0292,2026-09-23,MORNING,06:00,14:00,SCHEDULED,MOCK
DA00293,D033,B0098,R0098,C0293,2026-09-23,EVENING,14:00,22:00,SCHEDULED,MOCK
DA00294,D033,B0098,R0098,C0294,2026-09-23,NIGHT,22:00,06:00,SCHEDULED,MOCK
DA00295,D033,B0099,R0099,C0295,2026-09-23,MORNING,06:00,14:00,SCHEDULED,MOCK
DA00296,D033,B0099,R0099,C0296,2026-09-23,EVENING,14:00,22:00,SCHEDULED,MOCK
DA00297,D033,B0099,R0099,C0297,2026-09-23,NIGHT,22:00,06:00,SCHEDULED,MOCK
DA00298,D034,B0100,R0100,C0298,2026-09-23,MORNING,06:00,14:00,SCHEDULED,MOCK
DA00299,D034,B0100,R0100,C0299,2026-09-23,EVENING,14:00,22:00,SCHEDULED,MOCK
DA00300,D034,B0100,R0100,C0300,2026-09-23,NIGHT,22:00,06:00,SCHEDULED,MOCK
DA00301,D034,B0101,R0101,C0301,2026-09-23,MORNING,06:00,14:00,SCHEDULED,MOCK
DA00302,D034,B0101,R0101,C0302,2026-09-23,EVENING,14:00,22:00,SCHEDULED,MOCK
DA00303,D034,B0101,R0101,C0303,2026-09-23,NIGHT,22:00,06:00,SCHEDULED,MOCK
DA00304,D034,B0102,R0102,C0304,2026-09-23,MORNING,06:00,14:00,SCHEDULED,MOCK
DA00305,D034,B0102,R0102,C0305,2026-09-23,EVENING,14:00,22:00,SCHEDULED,MOCK
DA00306,D034,B0102,R0102,C0306,2026-09-23,NIGHT,22:00,06:00,SCHEDULED,MOCK
DA00307,D035,B0103,R0103,C0307,2026-09-23,MORNING,06:00,14:00,SCHEDULED,MOCK
DA00308,D035,B0103,R0103,C0308,2026-09-23,EVENING,14:00,22:00,SCHEDULED,MOCK
DA00309,D035,B0103,R0103,C0309,2026-09-23,NIGHT,22:00,06:00,SCHEDULED,MOCK
DA00310,D035,B0104,R0104,C0310,2026-09-23,MORNING,06:00,14:00,SCHEDULED,MOCK
DA00311,D035,B0104,R0104,C0311,2026-09-23,EVENING,14:00,22:00,SCHEDULED,MOCK
DA00312,D035,B0104,R0104,C0312,2026-09-23,NIGHT,22:00,06:00,SCHEDULED,MOCK
DA00313,D035,B0105,R0105,C0313,2026-09-23,MORNING,06:00,14:00,SCHEDULED,MOCK
DA00314,D035,B0105,R0105,C0314,2026-09-23,EVENING,14:00,22:00,SCHEDULED,MOCK
DA00315,D035,B0105,R0105,C0315,2026-09-23,NIGHT,22:00,06:00,SCHEDULED,MOCK
DA00316,D036,B0106,R0106,C0316,2026-09-23,MORNING,06:00,14:00,SCHEDULED,MOCK
DA00317,D036,B0106,R0106,C0317,2026-09-23,EVENING,14:00,22:00,SCHEDULED,MOCK
DA00318,D036,B0106,R0106,C0318,2026-09-23,NIGHT,22:00,06:00,SCHEDULED,MOCK
DA00319,D036,B0107,R0107,C0319,2026-09-23,MORNING,06:00,14:00,SCHEDULED,MOCK
DA00320,D036,B0107,R0107,C0320,2026-09-23,EVENING,14:00,22:00,SCHEDULED,MOCK
DA00321,D036,B0107,R0107,C0321,2026-09-23,NIGHT,22:00,06:00,SCHEDULED,MOCK
DA00322,D036,B0108,R0108,C0322,2026-09-23,MORNING,06:00,14:00,SCHEDULED,MOCK
DA00323,D036,B0108,R0108,C0323,2026-09-23,EVENING,14:00,22:00,SCHEDULED,MOCK
DA00324,D036,B0108,R0108,C0324,2026-09-23,NIGHT,22:00,06:00,SCHEDULED,MOCK
DA00325,D037,B0109,R0109,C0325,2026-09-23,MORNING,06:00,14:00,SCHEDULED,MOCK
DA00326,D037,B0109,R0109,C0326,2026-09-23,EVENING,14:00,22:00,SCHEDULED,MOCK
DA00327,D037,B0109,R0109,C0327,2026-09-23,NIGHT,22:00,06:00,SCHEDULED,MOCK
DA00328,D037,B0110,R0110,C0328,2026-09-23,MORNING,06:00,14:00,SCHEDULED,MOCK
DA00329,D037,B0110,R0110,C0329,2026-09-23,EVENING,14:00,22:00,SCHEDULED,MOCK
DA00330,D037,B0110,R0110,C0330,2026-09-23,NIGHT,22:00,06:00,SCHEDULED,MOCK
DA00331,D037,B0111,R0111,C0331,2026-09-23,MORNING,06:00,14:00,SCHEDULED,MOCK
DA00332,D037,B0111,R0111,C0332,2026-09-23,EVENING,14:00,22:00,SCHEDULED,MOCK
DA00333,D037,B0111,R0111,C0333,2026-09-23,NIGHT,22:00,06:00,SCHEDULED,MOCK
DA00334,D038,B0112,R0112,C0334,2026-09-23,MORNING,06:00,14:00,SCHEDULED,MOCK
DA00335,D038,B0112,R0112,C0335,2026-09-23,EVENING,14:00,22:00,SCHEDULED,MOCK
DA00336,D038,B0112,R0112,C0336,2026-09-23,NIGHT,22:00,06:00,SCHEDULED,MOCK
DA00337,D038,B0113,R0113,C0337,2026-09-23,MORNING,06:00,14:00,SCHEDULED,MOCK
DA00338,D038,B0113,R0113,C0338,2026-09-23,EVENING,14:00,22:00,SCHEDULED,MOCK
DA00339,D038,B0113,R0113,C0339,2026-09-23,NIGHT,22:00,06:00,SCHEDULED,MOCK
DA00340,D038,B0114,R0114,C0340,2026-09-23,MORNING,06:00,14:00,SCHEDULED,MOCK
DA00341,D038,B0114,R0114,C0341,2026-09-23,EVENING,14:00,22:00,SCHEDULED,MOCK
DA00342,D038,B0114,R0114,C0342,2026-09-23,NIGHT,22:00,06:00,SCHEDULED,MOCK
DA00343,D039,B0115,R0115,C0343,2026-09-23,MORNING,06:00,14:00,SCHEDULED,MOCK
DA00344,D039,B0115,R0115,C0344,2026-09-23,EVENING,14:00,22:00,SCHEDULED,MOCK
DA00345,D039,B0115,R0115,C0345,2026-09-23,NIGHT,22:00,06:00,SCHEDULED,MOCK
DA00346,D039,B0116,R0116,C0346,2026-09-23,MORNING,06:00,14:00,SCHEDULED,MOCK
DA00347,D039,B0116,R0116,C0347,2026-09-23,EVENING,14:00,22:00,SCHEDULED,MOCK
DA00348,D039,B0116,R0116,C0348,2026-09-23,NIGHT,22:00,06:00,SCHEDULED,MOCK
DA00349,D039,B0117,R0117,C0349,2026-09-23,MORNING,06:00,14:00,SCHEDULED,MOCK
DA00350,D039,B0117,R0117,C0350,2026-09-23,EVENING,14:00,22:00,SCHEDULED,MOCK
DA00351,D039,B0117,R0117,C0351,2026-09-23,NIGHT,22:00,06:00,SCHEDULED,MOCK
DA00352,D040,B0118,R0118,C0352,2026-09-23,MORNING,06:00,14:00,SCHEDULED,MOCK
DA00353,D040,B0118,R0118,C0353,2026-09-23,EVENING,14:00,22:00,SCHEDULED,MOCK
DA00354,D040,B0118,R0118,C0354,2026-09-23,NIGHT,22:00,06:00,SCHEDULED,MOCK
DA00355,D040,B0119,R0119,C0355,2026-09-23,MORNING,06:00,14:00,SCHEDULED,MOCK
DA00356,D040,B0119,R0119,C0356,2026-09-23,EVENING,14:00,22:00,SCHEDULED,MOCK
DA00357,D040,B0119,R0119,C0357,2026-09-23,NIGHT,22:00,06:00,SCHEDULED,MOCK
DA00358,D040,B0120,R0120,C0358,2026-09-23,MORNING,06:00,14:00,SCHEDULED,MOCK
DA00359,D040,B0120,R0120,C0359,2026-09-23,EVENING,14:00,22:00,SCHEDULED,MOCK
DA00360,D040,B0120,R0120,C0360,2026-09-23,NIGHT,22:00,06:00,SCHEDULED,MOCK
DA00361,D041,B0121,R0121,C0361,2026-09-23,MORNING,06:00,14:00,SCHEDULED,MOCK
DA00362,D041,B0121,R0121,C0362,2026-09-23,EVENING,14:00,22:00,SCHEDULED,MOCK
DA00363,D041,B0121,R0121,C0363,2026-09-23,NIGHT,22:00,06:00,SCHEDULED,MOCK
DA00364,D041,B0122,R0122,C0364,2026-09-23,MORNING,06:00,14:00,SCHEDULED,MOCK
DA00365,D041,B0122,R0122,C0365,2026-09-23,EVENING,14:00,22:00,SCHEDULED,MOCK
DA00366,D041,B0122,R0122,C0366,2026-09-23,NIGHT,22:00,06:00,SCHEDULED,MOCK
DA00367,D041,B0123,R0123,C0367,2026-09-23,MORNING,06:00,14:00,SCHEDULED,MOCK
DA00368,D041,B0123,R0123,C0368,2026-09-23,EVENING,14:00,22:00,SCHEDULED,MOCK
DA00369,D041,B0123,R0123,C0369,2026-09-23,NIGHT,22:00,06:00,SCHEDULED,MOCK
DA00370,D042,B0124,R0124,C0370,2026-09-23,MORNING,06:00,14:00,SCHEDULED,MOCK
DA00371,D042,B0124,R0124,C0371,2026-09-23,EVENING,14:00,22:00,SCHEDULED,MOCK
DA00372,D042,B0124,R0124,C0372,2026-09-23,NIGHT,22:00,06:00,SCHEDULED,MOCK
DA00373,D042,B0125,R0125,C0373,2026-09-23,MORNING,06:00,14:00,SCHEDULED,MOCK
DA00374,D042,B0125,R0125,C0374,2026-09-23,EVENING,14:00,22:00,SCHEDULED,MOCK
DA00375,D042,B0125,R0125,C0375,2026-09-23,NIGHT,22:00,06:00,SCHEDULED,MOCK
DA00376,D042,B0126,R0126,C0376,2026-09-23,MORNING,06:00,14:00,SCHEDULED,MOCK
DA00377,D042,B0126,R0126,C0377,2026-09-23,EVENING,14:00,22:00,SCHEDULED,MOCK
DA00378,D042,B0126,R0126,C0378,2026-09-23,NIGHT,22:00,06:00,SCHEDULED,MOCK
DA00379,D043,B0127,R0127,C0379,2026-09-23,MORNING,06:00,14:00,SCHEDULED,MOCK
DA00380,D043,B0127,R0127,C0380,2026-09-23,EVENING,14:00,22:00,SCHEDULED,MOCK
DA00381,D043,B0127,R0127,C0381,2026-09-23,NIGHT,22:00,06:00,SCHEDULED,MOCK
DA00382,D043,B0128,R0128,C0382,2026-09-23,MORNING,06:00,14:00,SCHEDULED,MOCK
DA00383,D043,B0128,R0128,C0383,2026-09-23,EVENING,14:00,22:00,SCHEDULED,MOCK
DA00384,D043,B0128,R0128,C0384,2026-09-23,NIGHT,22:00,06:00,SCHEDULED,MOCK
DA00385,D043,B0129,R0129,C0385,2026-09-23,MORNING,06:00,14:00,SCHEDULED,MOCK
DA00386,D043,B0129,R0129,C0386,2026-09-23,EVENING,14:00,22:00,SCHEDULED,MOCK
DA00387,D043,B0129,R0129,C0387,2026-09-23,NIGHT,22:00,06:00,SCHEDULED,MOCK
DA00388,D044,B0130,R0130,C0388,2026-09-23,MORNING,06:00,14:00,SCHEDULED,MOCK
DA00389,D044,B0130,R0130,C0389,2026-09-23,EVENING,14:00,22:00,SCHEDULED,MOCK
DA00390,D044,B0130,R0130,C0390,2026-09-23,NIGHT,22:00,06:00,SCHEDULED,MOCK
DA00391,D044,B0131,R0131,C0391,2026-09-23,MORNING,06:00,14:00,SCHEDULED,MOCK
DA00392,D044,B0131,R0131,C0392,2026-09-23,EVENING,14:00,22:00,SCHEDULED,MOCK
DA00393,D044,B0131,R0131,C0393,2026-09-23,NIGHT,22:00,06:00,SCHEDULED,MOCK
DA00394,D044,B0132,R0132,C0394,2026-09-23,MORNING,06:00,14:00,SCHEDULED,MOCK
DA00395,D044,B0132,R0132,C0395,2026-09-23,EVENING,14:00,22:00,SCHEDULED,MOCK
DA00396,D044,B0132,R0132,C0396,2026-09-23,NIGHT,22:00,06:00,SCHEDULED,MOCK
DA00397,D045,B0133,R0133,C0397,2026-09-23,MORNING,06:00,14:00,SCHEDULED,MOCK
DA00398,D045,B0133,R0133,C0398,2026-09-23,EVENING,14:00,22:00,SCHEDULED,MOCK
DA00399,D045,B0133,R0133,C0399,2026-09-23,NIGHT,22:00,06:00,SCHEDULED,MOCK
DA00400,D045,B0134,R0134,C0400,2026-09-23,MORNING,06:00,14:00,SCHEDULED,MOCK
DA00401,D045,B0134,R0134,C0401,2026-09-23,EVENING,14:00,22:00,SCHEDULED,MOCK
DA00402,D045,B0134,R0134,C0402,2026-09-23,NIGHT,22:00,06:00,SCHEDULED,MOCK
DA00403,D045,B0135,R0135,C0403,2026-09-23,MORNING,06:00,14:00,SCHEDULED,MOCK
DA00404,D045,B0135,R0135,C0404,2026-09-23,EVENING,14:00,22:00,SCHEDULED,MOCK
DA00405,D045,B0135,R0135,C0405,2026-09-23,NIGHT,22:00,06:00,SCHEDULED,MOCK
DA00406,D046,B0136,R0136,C0406,2026-09-23,MORNING,06:00,14:00,SCHEDULED,MOCK
DA00407,D046,B0136,R0136,C0407,2026-09-23,EVENING,14:00,22:00,SCHEDULED,MOCK
DA00408,D046,B0136,R0136,C0408,2026-09-23,NIGHT,22:00,06:00,SCHEDULED,MOCK
DA00409,D046,B0137,R0137,C0409,2026-09-23,MORNING,06:00,14:00,SCHEDULED,MOCK
DA00410,D046,B0137,R0137,C0410,2026-09-23,EVENING,14:00,22:00,SCHEDULED,MOCK
DA00411,D046,B0137,R0137,C0411,2026-09-23,NIGHT,22:00,06:00,SCHEDULED,MOCK
DA00412,D046,B0138,R0138,C0412,2026-09-23,MORNING,06:00,14:00,SCHEDULED,MOCK
DA00413,D046,B0138,R0138,C0413,2026-09-23,EVENING,14:00,22:00,SCHEDULED,MOCK
DA00414,D046,B0138,R0138,C0414,2026-09-23,NIGHT,22:00,06:00,SCHEDULED,MOCK
DA00415,D047,B0139,R0139,C0415,2026-09-23,MORNING,06:00,14:00,SCHEDULED,MOCK
DA00416,D047,B0139,R0139,C0416,2026-09-23,EVENING,14:00,22:00,SCHEDULED,MOCK
DA00417,D047,B0139,R0139,C0417,2026-09-23,NIGHT,22:00,06:00,SCHEDULED,MOCK
DA00418,D047,B0140,R0140,C0418,2026-09-23,MORNING,06:00,14:00,SCHEDULED,MOCK
DA00419,D047,B0140,R0140,C0419,2026-09-23,EVENING,14:00,22:00,SCHEDULED,MOCK
DA00420,D047,B0140,R0140,C0420,2026-09-23,NIGHT,22:00,06:00,SCHEDULED,MOCK
DA00421,D047,B0141,R0141,C0421,2026-09-23,MORNING,06:00,14:00,SCHEDULED,MOCK
DA00422,D047,B0141,R0141,C0422,2026-09-23,EVENING,14:00,22:00,SCHEDULED,MOCK
DA00423,D047,B0141,R0141,C0423,2026-09-23,NIGHT,22:00,06:00,SCHEDULED,MOCK
DA00424,D048,B0142,R0142,C0424,2026-09-23,MORNING,06:00,14:00,SCHEDULED,MOCK
DA00425,D048,B0142,R0142,C0425,2026-09-23,EVENING,14:00,22:00,SCHEDULED,MOCK
DA00426,D048,B0142,R0142,C0426,2026-09-23,NIGHT,22:00,06:00,SCHEDULED,MOCK
DA00427,D048,B0143,R0143,C0427,2026-09-23,MORNING,06:00,14:00,SCHEDULED,MOCK
DA00428,D048,B0143,R0143,C0428,2026-09-23,EVENING,14:00,22:00,SCHEDULED,MOCK
DA00429,D048,B0143,R0143,C0429,2026-09-23,NIGHT,22:00,06:00,SCHEDULED,MOCK
DA00430,D048,B0144,R0144,C0430,2026-09-23,MORNING,06:00,14:00,SCHEDULED,MOCK
DA00431,D048,B0144,R0144,C0431,2026-09-23,EVENING,14:00,22:00,SCHEDULED,MOCK
DA00432,D048,B0144,R0144,C0432,2026-09-23,NIGHT,22:00,06:00,SCHEDULED,MOCK
DA00433,D049,B0145,R0145,C0433,2026-09-23,MORNING,06:00,14:00,SCHEDULED,MOCK
DA00434,D049,B0145,R0145,C0434,2026-09-23,EVENING,14:00,22:00,SCHEDULED,MOCK
DA00435,D049,B0145,R0145,C0435,2026-09-23,NIGHT,22:00,06:00,SCHEDULED,MOCK
DA00436,D049,B0146,R0146,C0436,2026-09-23,MORNING,06:00,14:00,SCHEDULED,MOCK
DA00437,D049,B0146,R0146,C0437,2026-09-23,EVENING,14:00,22:00,SCHEDULED,MOCK
DA00438,D049,B0146,R0146,C0438,2026-09-23,NIGHT,22:00,06:00,SCHEDULED,MOCK
DA00439,D049,B0147,R0147,C0439,2026-09-23,MORNING,06:00,14:00,SCHEDULED,MOCK
DA00440,D049,B0147,R0147,C0440,2026-09-23,EVENING,14:00,22:00,SCHEDULED,MOCK
DA00441,D049,B0147,R0147,C0441,2026-09-23,NIGHT,22:00,06:00,SCHEDULED,MOCK
DA00442,D050,B0148,R0148,C0442,2026-09-23,MORNING,06:00,14:00,SCHEDULED,MOCK
DA00443,D050,B0148,R0148,C0443,2026-09-23,EVENING,14:00,22:00,SCHEDULED,MOCK
DA00444,D050,B0148,R0148,C0444,2026-09-23,NIGHT,22:00,06:00,SCHEDULED,MOCK
DA00445,D050,B0149,R0149,C0445,2026-09-23,MORNING,06:00,14:00,SCHEDULED,MOCK
DA00446,D050,B0149,R0149,C0446,2026-09-23,EVENING,14:00,22:00,SCHEDULED,MOCK
DA00447,D050,B0149,R0149,C0447,2026-09-23,NIGHT,22:00,06:00,SCHEDULED,MOCK
DA00448,D050,B0150,R0150,C0448,2026-09-23,MORNING,06:00,14:00,SCHEDULED,MOCK
DA00449,D050,B0150,R0150,C0449,2026-09-23,EVENING,14:00,22:00,SCHEDULED,MOCK
DA00450,D050,B0150,R0150,C0450,2026-09-23,NIGHT,22:00,06:00,SCHEDULED,MOCK
DA00451,D051,B0151,R0151,C0451,2026-09-23,MORNING,06:00,14:00,SCHEDULED,MOCK
DA00452,D051,B0151,R0151,C0452,2026-09-23,EVENING,14:00,22:00,SCHEDULED,MOCK
DA00453,D051,B0151,R0151,C0453,2026-09-23,NIGHT,22:00,06:00,SCHEDULED,MOCK
DA00454,D051,B0152,R0152,C0454,2026-09-23,MORNING,06:00,14:00,SCHEDULED,MOCK
DA00455,D051,B0152,R0152,C0455,2026-09-23,EVENING,14:00,22:00,SCHEDULED,MOCK
DA00456,D051,B0152,R0152,C0456,2026-09-23,NIGHT,22:00,06:00,SCHEDULED,MOCK
DA00457,D051,B0153,R0153,C0457,2026-09-23,MORNING,06:00,14:00,SCHEDULED,MOCK
DA00458,D051,B0153,R0153,C0458,2026-09-23,EVENING,14:00,22:00,SCHEDULED,MOCK
DA00459,D051,B0153,R0153,C0459,2026-09-23,NIGHT,22:00,06:00,SCHEDULED,MOCK
DA00460,D052,B0154,R0154,C0460,2026-09-23,MORNING,06:00,14:00,SCHEDULED,MOCK
DA00461,D052,B0154,R0154,C0461,2026-09-23,EVENING,14:00,22:00,SCHEDULED,MOCK
DA00462,D052,B0154,R0154,C0462,2026-09-23,NIGHT,22:00,06:00,SCHEDULED,MOCK
DA00463,D052,B0155,R0155,C0463,2026-09-23,MORNING,06:00,14:00,SCHEDULED,MOCK
DA00464,D052,B0155,R0155,C0464,2026-09-23,EVENING,14:00,22:00,SCHEDULED,MOCK
DA00465,D052,B0155,R0155,C0465,2026-09-23,NIGHT,22:00,06:00,SCHEDULED,MOCK
DA00466,D052,B0156,R0156,C0466,2026-09-23,MORNING,06:00,14:00,SCHEDULED,MOCK
DA00467,D052,B0156,R0156,C0467,2026-09-23,EVENING,14:00,22:00,SCHEDULED,MOCK
DA00468,D052,B0156,R0156,C0468,2026-09-23,NIGHT,22:00,06:00,SCHEDULED,MOCK
DA00469,D053,B0157,R0157,C0469,2026-09-23,MORNING,06:00,14:00,SCHEDULED,MOCK
DA00470,D053,B0157,R0157,C0470,2026-09-23,EVENING,14:00,22:00,SCHEDULED,MOCK
DA00471,D053,B0157,R0157,C0471,2026-09-23,NIGHT,22:00,06:00,SCHEDULED,MOCK
DA00472,D053,B0158,R0158,C0472,2026-09-23,MORNING,06:00,14:00,SCHEDULED,MOCK
DA00473,D053,B0158,R0158,C0473,2026-09-23,EVENING,14:00,22:00,SCHEDULED,MOCK
DA00474,D053,B0158,R0158,C0474,2026-09-23,NIGHT,22:00,06:00,SCHEDULED,MOCK
DA00475,D053,B0159,R0159,C0475,2026-09-23,MORNING,06:00,14:00,SCHEDULED,MOCK
DA00476,D053,B0159,R0159,C0476,2026-09-23,EVENING,14:00,22:00,SCHEDULED,MOCK
DA00477,D053,B0159,R0159,C0477,2026-09-23,NIGHT,22:00,06:00,SCHEDULED,MOCK
DA00478,D054,B0160,R0160,C0478,2026-09-23,MORNING,06:00,14:00,SCHEDULED,MOCK
DA00479,D054,B0160,R0160,C0479,2026-09-23,EVENING,14:00,22:00,SCHEDULED,MOCK
DA00480,D054,B0160,R0160,C0480,2026-09-23,NIGHT,22:00,06:00,SCHEDULED,MOCK
DA00481,D054,B0161,R0161,C0481,2026-09-23,MORNING,06:00,14:00,SCHEDULED,MOCK
DA00482,D054,B0161,R0161,C0482,2026-09-23,EVENING,14:00,22:00,SCHEDULED,MOCK
DA00483,D054,B0161,R0161,C0483,2026-09-23,NIGHT,22:00,06:00,SCHEDULED,MOCK
DA00484,D054,B0162,R0162,C0484,2026-09-23,MORNING,06:00,14:00,SCHEDULED,MOCK
DA00485,D054,B0162,R0162,C0485,2026-09-23,EVENING,14:00,22:00,SCHEDULED,MOCK
DA00486,D054,B0162,R0162,C0486,2026-09-23,NIGHT,22:00,06:00,SCHEDULED,MOCK
DA00487,D055,B0163,R0163,C0487,2026-09-23,MORNING,06:00,14:00,SCHEDULED,MOCK
DA00488,D055,B0163,R0163,C0488,2026-09-23,EVENING,14:00,22:00,SCHEDULED,MOCK
DA00489,D055,B0163,R0163,C0489,2026-09-23,NIGHT,22:00,06:00,SCHEDULED,MOCK
DA00490,D055,B0164,R0164,C0490,2026-09-23,MORNING,06:00,14:00,SCHEDULED,MOCK
DA00491,D055,B0164,R0164,C0491,2026-09-23,EVENING,14:00,22:00,SCHEDULED,MOCK
DA00492,D055,B0164,R0164,C0492,2026-09-23,NIGHT,22:00,06:00,SCHEDULED,MOCK
DA00493,D055,B0165,R0165,C0493,2026-09-23,MORNING,06:00,14:00,SCHEDULED,MOCK
DA00494,D055,B0165,R0165,C0494,2026-09-23,EVENING,14:00,22:00,SCHEDULED,MOCK
DA00495,D055,B0165,R0165,C0495,2026-09-23,NIGHT,22:00,06:00,SCHEDULED,MOCK
DA00496,D056,B0166,R0166,C0496,2026-09-23,MORNING,06:00,14:00,SCHEDULED,MOCK
DA00497,D056,B0166,R0166,C0497,2026-09-23,EVENING,14:00,22:00,SCHEDULED,MOCK
DA00498,D056,B0166,R0166,C0498,2026-09-23,NIGHT,22:00,06:00,SCHEDULED,MOCK
DA00499,D056,B0167,R0167,C0499,2026-09-23,MORNING,06:00,14:00,SCHEDULED,MOCK
DA00500,D056,B0167,R0167,C0500,2026-09-23,EVENING,14:00,22:00,SCHEDULED,MOCK
DA00501,D056,B0167,R0167,C0501,2026-09-23,NIGHT,22:00,06:00,SCHEDULED,MOCK
DA00502,D056,B0168,R0168,C0502,2026-09-23,MORNING,06:00,14:00,SCHEDULED,MOCK
DA00503,D056,B0168,R0168,C0503,2026-09-23,EVENING,14:00,22:00,SCHEDULED,MOCK
DA00504,D056,B0168,R0168,C0504,2026-09-23,NIGHT,22:00,06:00,SCHEDULED,MOCK
DA00505,D057,B0169,R0169,C0505,2026-09-23,MORNING,06:00,14:00,SCHEDULED,MOCK
DA00506,D057,B0169,R0169,C0506,2026-09-23,EVENING,14:00,22:00,SCHEDULED,MOCK
DA00507,D057,B0169,R0169,C0507,2026-09-23,NIGHT,22:00,06:00,SCHEDULED,MOCK
DA00508,D057,B0170,R0170,C0508,2026-09-23,MORNING,06:00,14:00,SCHEDULED,MOCK
DA00509,D057,B0170,R0170,C0509,2026-09-23,EVENING,14:00,22:00,SCHEDULED,MOCK
DA00510,D057,B0170,R0170,C0510,2026-09-23,NIGHT,22:00,06:00,SCHEDULED,MOCK
DA00511,D057,B0171,R0171,C0511,2026-09-23,MORNING,06:00,14:00,SCHEDULED,MOCK
DA00512,D057,B0171,R0171,C0512,2026-09-23,EVENING,14:00,22:00,SCHEDULED,MOCK
DA00513,D057,B0171,R0171,C0513,2026-09-23,NIGHT,22:00,06:00,SCHEDULED,MOCK
DA00514,D058,B0172,R0172,C0514,2026-09-23,MORNING,06:00,14:00,SCHEDULED,MOCK
DA00515,D058,B0172,R0172,C0515,2026-09-23,EVENING,14:00,22:00,SCHEDULED,MOCK
DA00516,D058,B0172,R0172,C0516,2026-09-23,NIGHT,22:00,06:00,SCHEDULED,MOCK
DA00517,D058,B0173,R0173,C0517,2026-09-23,MORNING,06:00,14:00,SCHEDULED,MOCK
DA00518,D058,B0173,R0173,C0518,2026-09-23,EVENING,14:00,22:00,SCHEDULED,MOCK
DA00519,D058,B0173,R0173,C0519,2026-09-23,NIGHT,22:00,06:00,SCHEDULED,MOCK
DA00520,D058,B0174,R0174,C0520,2026-09-23,MORNING,06:00,14:00,SCHEDULED,MOCK
DA00521,D058,B0174,R0174,C0521,2026-09-23,EVENING,14:00,22:00,SCHEDULED,MOCK
DA00522,D058,B0174,R0174,C0522,2026-09-23,NIGHT,22:00,06:00,SCHEDULED,MOCK
DA00523,D059,B0175,R0175,C0523,2026-09-23,MORNING,06:00,14:00,SCHEDULED,MOCK
DA00524,D059,B0175,R0175,C0524,2026-09-23,EVENING,14:00,22:00,SCHEDULED,MOCK
DA00525,D059,B0175,R0175,C0525,2026-09-23,NIGHT,22:00,06:00,SCHEDULED,MOCK
DA00526,D059,B0176,R0176,C0526,2026-09-23,MORNING,06:00,14:00,SCHEDULED,MOCK
DA00527,D059,B0176,R0176,C0527,2026-09-23,EVENING,14:00,22:00,SCHEDULED,MOCK
DA00528,D059,B0176,R0176,C0528,2026-09-23,NIGHT,22:00,06:00,SCHEDULED,MOCK
DA00529,D059,B0177,R0177,C0529,2026-09-23,MORNING,06:00,14:00,SCHEDULED,MOCK
DA00530,D059,B0177,R0177,C0530,2026-09-23,EVENING,14:00,22:00,SCHEDULED,MOCK
DA00531,D059,B0177,R0177,C0531,2026-09-23,NIGHT,22:00,06:00,SCHEDULED,MOCK
DA00532,D060,B0178,R0178,C0532,2026-09-23,MORNING,06:00,14:00,SCHEDULED,MOCK
DA00533,D060,B0178,R0178,C0533,2026-09-23,EVENING,14:00,22:00,SCHEDULED,MOCK
DA00534,D060,B0178,R0178,C0534,2026-09-23,NIGHT,22:00,06:00,SCHEDULED,MOCK
DA00535,D060,B0179,R0179,C0535,2026-09-23,MORNING,06:00,14:00,SCHEDULED,MOCK
DA00536,D060,B0179,R0179,C0536,2026-09-23,EVENING,14:00,22:00,SCHEDULED,MOCK
DA00537,D060,B0179,R0179,C0537,2026-09-23,NIGHT,22:00,06:00,SCHEDULED,MOCK
DA00538,D060,B0180,R0180,C0538,2026-09-23,MORNING,06:00,14:00,SCHEDULED,MOCK
DA00539,D060,B0180,R0180,C0539,2026-09-23,EVENING,14:00,22:00,SCHEDULED,MOCK
DA00540,D060,B0180,R0180,C0540,2026-09-23,NIGHT,22:00,06:00,SCHEDULED,MOCK
DA00541,D061,B0181,R0181,C0541,2026-09-23,MORNING,06:00,14:00,SCHEDULED,MOCK
DA00542,D061,B0181,R0181,C0542,2026-09-23,EVENING,14:00,22:00,SCHEDULED,MOCK
DA00543,D061,B0181,R0181,C0543,2026-09-23,NIGHT,22:00,06:00,SCHEDULED,MOCK
DA00544,D061,B0182,R0182,C0544,2026-09-23,MORNING,06:00,14:00,SCHEDULED,MOCK
DA00545,D061,B0182,R0182,C0545,2026-09-23,EVENING,14:00,22:00,SCHEDULED,MOCK
DA00546,D061,B0182,R0182,C0546,2026-09-23,NIGHT,22:00,06:00,SCHEDULED,MOCK
DA00547,D061,B0183,R0183,C0547,2026-09-23,MORNING,06:00,14:00,SCHEDULED,MOCK
DA00548,D061,B0183,R0183,C0548,2026-09-23,EVENING,14:00,22:00,SCHEDULED,MOCK
DA00549,D061,B0183,R0183,C0549,2026-09-23,NIGHT,22:00,06:00,SCHEDULED,MOCK
DA00550,D062,B0184,R0184,C0550,2026-09-23,MORNING,06:00,14:00,SCHEDULED,MOCK
DA00551,D062,B0184,R0184,C0551,2026-09-23,EVENING,14:00,22:00,SCHEDULED,MOCK
DA00552,D062,B0184,R0184,C0552,2026-09-23,NIGHT,22:00,06:00,SCHEDULED,MOCK
DA00553,D062,B0185,R0185,C0553,2026-09-23,MORNING,06:00,14:00,SCHEDULED,MOCK
DA00554,D062,B0185,R0185,C0554,2026-09-23,EVENING,14:00,22:00,SCHEDULED,MOCK
DA00555,D062,B0185,R0185,C0555,2026-09-23,NIGHT,22:00,06:00,SCHEDULED,MOCK
DA00556,D062,B0186,R0186,C0556,2026-09-23,MORNING,06:00,14:00,SCHEDULED,MOCK
DA00557,D062,B0186,R0186,C0557,2026-09-23,EVENING,14:00,22:00,SCHEDULED,MOCK
DA00558,D062,B0186,R0186,C0558,2026-09-23,NIGHT,22:00,06:00,SCHEDULED,MOCK
DA00559,D063,B0187,R0187,C0559,2026-09-23,MORNING,06:00,14:00,SCHEDULED,MOCK
DA00560,D063,B0187,R0187,C0560,2026-09-23,EVENING,14:00,22:00,SCHEDULED,MOCK
DA00561,D063,B0187,R0187,C0561,2026-09-23,NIGHT,22:00,06:00,SCHEDULED,MOCK
DA00562,D063,B0188,R0188,C0562,2026-09-23,MORNING,06:00,14:00,SCHEDULED,MOCK
DA00563,D063,B0188,R0188,C0563,2026-09-23,EVENING,14:00,22:00,SCHEDULED,MOCK
DA00564,D063,B0188,R0188,C0564,2026-09-23,NIGHT,22:00,06:00,SCHEDULED,MOCK
DA00565,D063,B0189,R0189,C0565,2026-09-23,MORNING,06:00,14:00,SCHEDULED,MOCK
DA00566,D063,B0189,R0189,C0566,2026-09-23,EVENING,14:00,22:00,SCHEDULED,MOCK
DA00567,D063,B0189,R0189,C0567,2026-09-23,NIGHT,22:00,06:00,SCHEDULED,MOCK
DA00568,D064,B0190,R0190,C0568,2026-09-23,MORNING,06:00,14:00,SCHEDULED,MOCK
DA00569,D064,B0190,R0190,C0569,2026-09-23,EVENING,14:00,22:00,SCHEDULED,MOCK
DA00570,D064,B0190,R0190,C0570,2026-09-23,NIGHT,22:00,06:00,SCHEDULED,MOCK
DA00571,D064,B0191,R0191,C0571,2026-09-23,MORNING,06:00,14:00,SCHEDULED,MOCK
DA00572,D064,B0191,R0191,C0572,2026-09-23,EVENING,14:00,22:00,SCHEDULED,MOCK
DA00573,D064,B0191,R0191,C0573,2026-09-23,NIGHT,22:00,06:00,SCHEDULED,MOCK
DA00574,D064,B0192,R0192,C0574,2026-09-23,MORNING,06:00,14:00,SCHEDULED,MOCK
DA00575,D064,B0192,R0192,C0575,2026-09-23,EVENING,14:00,22:00,SCHEDULED,MOCK
DA00576,D064,B0192,R0192,C0576,2026-09-23,NIGHT,22:00,06:00,SCHEDULED,MOCK
DA00577,D065,B0193,R0193,C0577,2026-09-23,MORNING,06:00,14:00,SCHEDULED,MOCK
DA00578,D065,B0193,R0193,C0578,2026-09-23,EVENING,14:00,22:00,SCHEDULED,MOCK
DA00579,D065,B0193,R0193,C0579,2026-09-23,NIGHT,22:00,06:00,SCHEDULED,MOCK
DA00580,D065,B0194,R0194,C0580,2026-09-23,MORNING,06:00,14:00,SCHEDULED,MOCK
DA00581,D065,B0194,R0194,C0581,2026-09-23,EVENING,14:00,22:00,SCHEDULED,MOCK
DA00582,D065,B0194,R0194,C0582,2026-09-23,NIGHT,22:00,06:00,SCHEDULED,MOCK
DA00583,D065,B0195,R0195,C0583,2026-09-23,MORNING,06:00,14:00,SCHEDULED,MOCK
DA00584,D065,B0195,R0195,C0584,2026-09-23,EVENING,14:00,22:00,SCHEDULED,MOCK
DA00585,D065,B0195,R0195,C0585,2026-09-23,NIGHT,22:00,06:00,SCHEDULED,MOCK
DA00586,D066,B0196,R0196,C0586,2026-09-23,MORNING,06:00,14:00,SCHEDULED,MOCK
DA00587,D066,B0196,R0196,C0587,2026-09-23,EVENING,14:00,22:00,SCHEDULED,MOCK
DA00588,D066,B0196,R0196,C0588,2026-09-23,NIGHT,22:00,06:00,SCHEDULED,MOCK
DA00589,D066,B0197,R0197,C0589,2026-09-23,MORNING,06:00,14:00,SCHEDULED,MOCK
DA00590,D066,B0197,R0197,C0590,2026-09-23,EVENING,14:00,22:00,SCHEDULED,MOCK
DA00591,D066,B0197,R0197,C0591,2026-09-23,NIGHT,22:00,06:00,SCHEDULED,MOCK
DA00592,D066,B0198,R0198,C0592,2026-09-23,MORNING,06:00,14:00,SCHEDULED,MOCK
DA00593,D066,B0198,R0198,C0593,2026-09-23,EVENING,14:00,22:00,SCHEDULED,MOCK
DA00594,D066,B0198,R0198,C0594,2026-09-23,NIGHT,22:00,06:00,SCHEDULED,MOCK
DA00595,D067,B0199,R0199,C0595,2026-09-23,MORNING,06:00,14:00,SCHEDULED,MOCK
DA00596,D067,B0199,R0199,C0596,2026-09-23,EVENING,14:00,22:00,SCHEDULED,MOCK
DA00597,D067,B0199,R0199,C0597,2026-09-23,NIGHT,22:00,06:00,SCHEDULED,MOCK
DA00598,D067,B0200,R0200,C0598,2026-09-23,MORNING,06:00,14:00,SCHEDULED,MOCK
DA00599,D067,B0200,R0200,C0599,2026-09-23,EVENING,14:00,22:00,SCHEDULED,MOCK
DA00600,D067,B0200,R0200,C0600,2026-09-23,NIGHT,22:00,06:00,SCHEDULED,MOCK
DA00601,D067,B0201,R0201,C0601,2026-09-23,MORNING,06:00,14:00,SCHEDULED,MOCK
DA00602,D067,B0201,R0201,C0602,2026-09-23,EVENING,14:00,22:00,SCHEDULED,MOCK
DA00603,D067,B0201,R0201,C0603,2026-09-23,NIGHT,22:00,06:00,SCHEDULED,MOCK
DA00604,D068,B0202,R0202,C0604,2026-09-23,MORNING,06:00,14:00,SCHEDULED,MOCK
DA00605,D068,B0202,R0202,C0605,2026-09-23,EVENING,14:00,22:00,SCHEDULED,MOCK
DA00606,D068,B0202,R0202,C0606,2026-09-23,NIGHT,22:00,06:00,SCHEDULED,MOCK
DA00607,D068,B0203,R0203,C0607,2026-09-23,MORNING,06:00,14:00,SCHEDULED,MOCK
DA00608,D068,B0203,R0203,C0608,2026-09-23,EVENING,14:00,22:00,SCHEDULED,MOCK
DA00609,D068,B0203,R0203,C0609,2026-09-23,NIGHT,22:00,06:00,SCHEDULED,MOCK
DA00610,D068,B0204,R0204,C0610,2026-09-23,MORNING,06:00,14:00,SCHEDULED,MOCK
DA00611,D068,B0204,R0204,C0611,2026-09-23,EVENING,14:00,22:00,SCHEDULED,MOCK
DA00612,D068,B0204,R0204,C0612,2026-09-23,NIGHT,22:00,06:00,SCHEDULED,MOCK
DA00613,D069,B0205,R0205,C0613,2026-09-23,MORNING,06:00,14:00,SCHEDULED,MOCK
DA00614,D069,B0205,R0205,C0614,2026-09-23,EVENING,14:00,22:00,SCHEDULED,MOCK
DA00615,D069,B0205,R0205,C0615,2026-09-23,NIGHT,22:00,06:00,SCHEDULED,MOCK
DA00616,D069,B0206,R0206,C0616,2026-09-23,MORNING,06:00,14:00,SCHEDULED,MOCK
DA00617,D069,B0206,R0206,C0617,2026-09-23,EVENING,14:00,22:00,SCHEDULED,MOCK
DA00618,D069,B0206,R0206,C0618,2026-09-23,NIGHT,22:00,06:00,SCHEDULED,MOCK
DA00619,D069,B0207,R0207,C0619,2026-09-23,MORNING,06:00,14:00,SCHEDULED,MOCK
DA00620,D069,B0207,R0207,C0620,2026-09-23,EVENING,14:00,22:00,SCHEDULED,MOCK
DA00621,D069,B0207,R0207,C0621,2026-09-23,NIGHT,22:00,06:00,SCHEDULED,MOCK
DA00622,D070,B0208,R0208,C0622,2026-09-23,MORNING,06:00,14:00,SCHEDULED,MOCK
DA00623,D070,B0208,R0208,C0623,2026-09-23,EVENING,14:00,22:00,SCHEDULED,MOCK
DA00624,D070,B0208,R0208,C0624,2026-09-23,NIGHT,22:00,06:00,SCHEDULED,MOCK
DA00625,D070,B0209,R0209,C0625,2026-09-23,MORNING,06:00,14:00,SCHEDULED,MOCK
DA00626,D070,B0209,R0209,C0626,2026-09-23,EVENING,14:00,22:00,SCHEDULED,MOCK
DA00627,D070,B0209,R0209,C0627,2026-09-23,NIGHT,22:00,06:00,SCHEDULED,MOCK
DA00628,D070,B0210,R0210,C0628,2026-09-23,MORNING,06:00,14:00,SCHEDULED,MOCK
DA00629,D070,B0210,R0210,C0629,2026-09-23,EVENING,14:00,22:00,SCHEDULED,MOCK
DA00630,D070,B0210,R0210,C0630,2026-09-23,NIGHT,22:00,06:00,SCHEDULED,MOCK
DA00631,D071,B0211,R0211,C0631,2026-09-23,MORNING,06:00,14:00,SCHEDULED,MOCK
DA00632,D071,B0211,R0211,C0632,2026-09-23,EVENING,14:00,22:00,SCHEDULED,MOCK
DA00633,D071,B0211,R0211,C0633,2026-09-23,NIGHT,22:00,06:00,SCHEDULED,MOCK
DA00634,D071,B0212,R0212,C0634,2026-09-23,MORNING,06:00,14:00,SCHEDULED,MOCK
DA00635,D071,B0212,R0212,C0635,2026-09-23,EVENING,14:00,22:00,SCHEDULED,MOCK
DA00636,D071,B0212,R0212,C0636,2026-09-23,NIGHT,22:00,06:00,SCHEDULED,MOCK
DA00637,D071,B0213,R0213,C0637,2026-09-23,MORNING,06:00,14:00,SCHEDULED,MOCK
DA00638,D071,B0213,R0213,C0638,2026-09-23,EVENING,14:00,22:00,SCHEDULED,MOCK
DA00639,D071,B0213,R0213,C0639,2026-09-23,NIGHT,22:00,06:00,SCHEDULED,MOCK
DA00640,D072,B0214,R0214,C0640,2026-09-23,MORNING,06:00,14:00,SCHEDULED,MOCK
DA00641,D072,B0214,R0214,C0641,2026-09-23,EVENING,14:00,22:00,SCHEDULED,MOCK
DA00642,D072,B0214,R0214,C0642,2026-09-23,NIGHT,22:00,06:00,SCHEDULED,MOCK
DA00643,D072,B0215,R0215,C0643,2026-09-23,MORNING,06:00,14:00,SCHEDULED,MOCK
DA00644,D072,B0215,R0215,C0644,2026-09-23,EVENING,14:00,22:00,SCHEDULED,MOCK
DA00645,D072,B0215,R0215,C0645,2026-09-23,NIGHT,22:00,06:00,SCHEDULED,MOCK
DA00646,D072,B0216,R0216,C0646,2026-09-23,MORNING,06:00,14:00,SCHEDULED,MOCK
DA00647,D072,B0216,R0216,C0647,2026-09-23,EVENING,14:00,22:00,SCHEDULED,MOCK
DA00648,D072,B0216,R0216,C0648,2026-09-23,NIGHT,22:00,06:00,SCHEDULED,MOCK
DA00649,D073,B0217,R0217,C0649,2026-09-23,MORNING,06:00,14:00,SCHEDULED,MOCK
DA00650,D073,B0217,R0217,C0650,2026-09-23,EVENING,14:00,22:00,SCHEDULED,MOCK
DA00651,D073,B0217,R0217,C0651,2026-09-23,NIGHT,22:00,06:00,SCHEDULED,MOCK
DA00652,D073,B0218,R0218,C0652,2026-09-23,MORNING,06:00,14:00,SCHEDULED,MOCK
DA00653,D073,B0218,R0218,C0653,2026-09-23,EVENING,14:00,22:00,SCHEDULED,MOCK
DA00654,D073,B0218,R0218,C0654,2026-09-23,NIGHT,22:00,06:00,SCHEDULED,MOCK
DA00655,D073,B0219,R0219,C0655,2026-09-23,MORNING,06:00,14:00,SCHEDULED,MOCK
DA00656,D073,B0219,R0219,C0656,2026-09-23,EVENING,14:00,22:00,SCHEDULED,MOCK
DA00657,D073,B0219,R0219,C0657,2026-09-23,NIGHT,22:00,06:00,SCHEDULED,MOCK
DA00658,D074,B0220,R0220,C0658,2026-09-23,MORNING,06:00,14:00,SCHEDULED,MOCK
DA00659,D074,B0220,R0220,C0659,2026-09-23,EVENING,14:00,22:00,SCHEDULED,MOCK
DA00660,D074,B0220,R0220,C0660,2026-09-23,NIGHT,22:00,06:00,SCHEDULED,MOCK
DA00661,D074,B0221,R0221,C0661,2026-09-23,MORNING,06:00,14:00,SCHEDULED,MOCK
DA00662,D074,B0221,R0221,C0662,2026-09-23,EVENING,14:00,22:00,SCHEDULED,MOCK
DA00663,D074,B0221,R0221,C0663,2026-09-23,NIGHT,22:00,06:00,SCHEDULED,MOCK
DA00664,D074,B0222,R0222,C0664,2026-09-23,MORNING,06:00,14:00,SCHEDULED,MOCK
DA00665,D074,B0222,R0222,C0665,2026-09-23,EVENING,14:00,22:00,SCHEDULED,MOCK
DA00666,D074,B0222,R0222,C0666,2026-09-23,NIGHT,22:00,06:00,SCHEDULED,MOCK
DA00667,D075,B0223,R0223,C0667,2026-09-23,MORNING,06:00,14:00,SCHEDULED,MOCK
DA00668,D075,B0223,R0223,C0668,2026-09-23,EVENING,14:00,22:00,SCHEDULED,MOCK
DA00669,D075,B0223,R0223,C0669,2026-09-23,NIGHT,22:00,06:00,SCHEDULED,MOCK
DA00670,D075,B0224,R0224,C0670,2026-09-23,MORNING,06:00,14:00,SCHEDULED,MOCK
DA00671,D075,B0224,R0224,C0671,2026-09-23,EVENING,14:00,22:00,SCHEDULED,MOCK
DA00672,D075,B0224,R0224,C0672,2026-09-23,NIGHT,22:00,06:00,SCHEDULED,MOCK
DA00673,D075,B0225,R0225,C0673,2026-09-23,MORNING,06:00,14:00,SCHEDULED,MOCK
DA00674,D075,B0225,R0225,C0674,2026-09-23,EVENING,14:00,22:00,SCHEDULED,MOCK
DA00675,D075,B0225,R0225,C0675,2026-09-23,NIGHT,22:00,06:00,SCHEDULED,MOCK
DA00676,D076,B0226,R0226,C0676,2026-09-23,MORNING,06:00,14:00,SCHEDULED,MOCK
DA00677,D076,B0226,R0226,C0677,2026-09-23,EVENING,14:00,22:00,SCHEDULED,MOCK
DA00678,D076,B0226,R0226,C0678,2026-09-23,NIGHT,22:00,06:00,SCHEDULED,MOCK
DA00679,D076,B0227,R0227,C0679,2026-09-23,MORNING,06:00,14:00,SCHEDULED,MOCK
DA00680,D076,B0227,R0227,C0680,2026-09-23,EVENING,14:00,22:00,SCHEDULED,MOCK
DA00681,D076,B0227,R0227,C0681,2026-09-23,NIGHT,22:00,06:00,SCHEDULED,MOCK
DA00682,D076,B0228,R0228,C0682,2026-09-23,MORNING,06:00,14:00,SCHEDULED,MOCK
DA00683,D076,B0228,R0228,C0683,2026-09-23,EVENING,14:00,22:00,SCHEDULED,MOCK
DA00684,D076,B0228,R0228,C0684,2026-09-23,NIGHT,22:00,06:00,SCHEDULED,MOCK
DA00685,D077,B0229,R0229,C0685,2026-09-23,MORNING,06:00,14:00,SCHEDULED,MOCK
DA00686,D077,B0229,R0229,C0686,2026-09-23,EVENING,14:00,22:00,SCHEDULED,MOCK
DA00687,D077,B0229,R0229,C0687,2026-09-23,NIGHT,22:00,06:00,SCHEDULED,MOCK
DA00688,D077,B0230,R0230,C0688,2026-09-23,MORNING,06:00,14:00,SCHEDULED,MOCK
DA00689,D077,B0230,R0230,C0689,2026-09-23,EVENING,14:00,22:00,SCHEDULED,MOCK
DA00690,D077,B0230,R0230,C0690,2026-09-23,NIGHT,22:00,06:00,SCHEDULED,MOCK
DA00691,D077,B0231,R0231,C0691,2026-09-23,MORNING,06:00,14:00,SCHEDULED,MOCK
DA00692,D077,B0231,R0231,C0692,2026-09-23,EVENING,14:00,22:00,SCHEDULED,MOCK
DA00693,D077,B0231,R0231,C0693,2026-09-23,NIGHT,22:00,06:00,SCHEDULED,MOCK
DA00694,D078,B0232,R0232,C0694,2026-09-23,MORNING,06:00,14:00,SCHEDULED,MOCK
DA00695,D078,B0232,R0232,C0695,2026-09-23,EVENING,14:00,22:00,SCHEDULED,MOCK
DA00696,D078,B0232,R0232,C0696,2026-09-23,NIGHT,22:00,06:00,SCHEDULED,MOCK
DA00697,D078,B0233,R0233,C0697,2026-09-23,MORNING,06:00,14:00,SCHEDULED,MOCK
DA00698,D078,B0233,R0233,C0698,2026-09-23,EVENING,14:00,22:00,SCHEDULED,MOCK
DA00699,D078,B0233,R0233,C0699,2026-09-23,NIGHT,22:00,06:00,SCHEDULED,MOCK
DA00700,D078,B0234,R0234,C0700,2026-09-23,MORNING,06:00,14:00,SCHEDULED,MOCK
DA00701,D078,B0234,R0234,C0701,2026-09-23,EVENING,14:00,22:00,SCHEDULED,MOCK
DA00702,D078,B0234,R0234,C0702,2026-09-23,NIGHT,22:00,06:00,SCHEDULED,MOCK
DA00703,D079,B0235,R0235,C0703,2026-09-23,MORNING,06:00,14:00,SCHEDULED,MOCK
DA00704,D079,B0235,R0235,C0704,2026-09-23,EVENING,14:00,22:00,SCHEDULED,MOCK
DA00705,D079,B0235,R0235,C0705,2026-09-23,NIGHT,22:00,06:00,SCHEDULED,MOCK
DA00706,D079,B0236,R0236,C0706,2026-09-23,MORNING,06:00,14:00,SCHEDULED,MOCK
DA00707,D079,B0236,R0236,C0707,2026-09-23,EVENING,14:00,22:00,SCHEDULED,MOCK
DA00708,D079,B0236,R0236,C0708,2026-09-23,NIGHT,22:00,06:00,SCHEDULED,MOCK
DA00709,D079,B0237,R0237,C0709,2026-09-23,MORNING,06:00,14:00,SCHEDULED,MOCK
DA00710,D079,B0237,R0237,C0710,2026-09-23,EVENING,14:00,22:00,SCHEDULED,MOCK
DA00711,D079,B0237,R0237,C0711,2026-09-23,NIGHT,22:00,06:00,SCHEDULED,MOCK
DA00712,D080,B0238,R0238,C0712,2026-09-23,MORNING,06:00,14:00,SCHEDULED,MOCK
DA00713,D080,B0238,R0238,C0713,2026-09-23,EVENING,14:00,22:00,SCHEDULED,MOCK
DA00714,D080,B0238,R0238,C0714,2026-09-23,NIGHT,22:00,06:00,SCHEDULED,MOCK
DA00715,D080,B0239,R0239,C0715,2026-09-23,MORNING,06:00,14:00,SCHEDULED,MOCK
DA00716,D080,B0239,R0239,C0716,2026-09-23,EVENING,14:00,22:00,SCHEDULED,MOCK
DA00717,D080,B0239,R0239,C0717,2026-09-23,NIGHT,22:00,06:00,SCHEDULED,MOCK
DA00718,D080,B0240,R0240,C0718,2026-09-23,MORNING,06:00,14:00,SCHEDULED,MOCK
DA00719,D080,B0240,R0240,C0719,2026-09-23,EVENING,14:00,22:00,SCHEDULED,MOCK
DA00720,D080,B0240,R0240,C0720,2026-09-23,NIGHT,22:00,06:00,SCHEDULED,MOCK
DA00721,D081,B0241,R0241,C0721,2026-09-23,MORNING,06:00,14:00,SCHEDULED,MOCK
DA00722,D081,B0241,R0241,C0722,2026-09-23,EVENING,14:00,22:00,SCHEDULED,MOCK
DA00723,D081,B0241,R0241,C0723,2026-09-23,NIGHT,22:00,06:00,SCHEDULED,MOCK
DA00724,D081,B0242,R0242,C0724,2026-09-23,MORNING,06:00,14:00,SCHEDULED,MOCK
DA00725,D081,B0242,R0242,C0725,2026-09-23,EVENING,14:00,22:00,SCHEDULED,MOCK
DA00726,D081,B0242,R0242,C0726,2026-09-23,NIGHT,22:00,06:00,SCHEDULED,MOCK
DA00727,D081,B0243,R0243,C0727,2026-09-23,MORNING,06:00,14:00,SCHEDULED,MOCK
DA00728,D081,B0243,R0243,C0728,2026-09-23,EVENING,14:00,22:00,SCHEDULED,MOCK
DA00729,D081,B0243,R0243,C0729,2026-09-23,NIGHT,22:00,06:00,SCHEDULED,MOCK
DA00730,D082,B0244,R0244,C0730,2026-09-23,MORNING,06:00,14:00,SCHEDULED,MOCK
DA00731,D082,B0244,R0244,C0731,2026-09-23,EVENING,14:00,22:00,SCHEDULED,MOCK
DA00732,D082,B0244,R0244,C0732,2026-09-23,NIGHT,22:00,06:00,SCHEDULED,MOCK
DA00733,D082,B0245,R0245,C0733,2026-09-23,MORNING,06:00,14:00,SCHEDULED,MOCK
DA00734,D082,B0245,R0245,C0734,2026-09-23,EVENING,14:00,22:00,SCHEDULED,MOCK
DA00735,D082,B0245,R0245,C0735,2026-09-23,NIGHT,22:00,06:00,SCHEDULED,MOCK
DA00736,D082,B0246,R0246,C0736,2026-09-23,MORNING,06:00,14:00,SCHEDULED,MOCK
DA00737,D082,B0246,R0246,C0737,2026-09-23,EVENING,14:00,22:00,SCHEDULED,MOCK
DA00738,D082,B0246,R0246,C0738,2026-09-23,NIGHT,22:00,06:00,SCHEDULED,MOCK
DA00739,D083,B0247,R0247,C0739,2026-09-23,MORNING,06:00,14:00,SCHEDULED,MOCK
DA00740,D083,B0247,R0247,C0740,2026-09-23,EVENING,14:00,22:00,SCHEDULED,MOCK
DA00741,D083,B0247,R0247,C0741,2026-09-23,NIGHT,22:00,06:00,SCHEDULED,MOCK
DA00742,D083,B0248,R0248,C0742,2026-09-23,MORNING,06:00,14:00,SCHEDULED,MOCK
DA00743,D083,B0248,R0248,C0743,2026-09-23,EVENING,14:00,22:00,SCHEDULED,MOCK
DA00744,D083,B0248,R0248,C0744,2026-09-23,NIGHT,22:00,06:00,SCHEDULED,MOCK
DA00745,D083,B0249,R0249,C0745,2026-09-23,MORNING,06:00,14:00,SCHEDULED,MOCK
DA00746,D083,B0249,R0249,C0746,2026-09-23,EVENING,14:00,22:00,SCHEDULED,MOCK
DA00747,D083,B0249,R0249,C0747,2026-09-23,NIGHT,22:00,06:00,SCHEDULED,MOCK
DA00748,D084,B0250,R0250,C0748,2026-09-23,MORNING,06:00,14:00,SCHEDULED,MOCK
DA00749,D084,B0250,R0250,C0749,2026-09-23,EVENING,14:00,22:00,SCHEDULED,MOCK
DA00750,D084,B0250,R0250,C0750,2026-09-23,NIGHT,22:00,06:00,SCHEDULED,MOCK
DA00751,D084,B0251,R0251,C0751,2026-09-23,MORNING,06:00,14:00,SCHEDULED,MOCK
DA00752,D084,B0251,R0251,C0752,2026-09-23,EVENING,14:00,22:00,SCHEDULED,MOCK
DA00753,D084,B0251,R0251,C0753,2026-09-23,NIGHT,22:00,06:00,SCHEDULED,MOCK
DA00754,D084,B0252,R0252,C0754,2026-09-23,MORNING,06:00,14:00,SCHEDULED,MOCK
DA00755,D084,B0252,R0252,C0755,2026-09-23,EVENING,14:00,22:00,SCHEDULED,MOCK
DA00756,D084,B0252,R0252,C0756,2026-09-23,NIGHT,22:00,06:00,SCHEDULED,MOCK
DA00757,D085,B0253,R0253,C0757,2026-09-23,MORNING,06:00,14:00,SCHEDULED,MOCK
DA00758,D085,B0253,R0253,C0758,2026-09-23,EVENING,14:00,22:00,SCHEDULED,MOCK
DA00759,D085,B0253,R0253,C0759,2026-09-23,NIGHT,22:00,06:00,SCHEDULED,MOCK
DA00760,D085,B0254,R0254,C0760,2026-09-23,MORNING,06:00,14:00,SCHEDULED,MOCK
DA00761,D085,B0254,R0254,C0761,2026-09-23,EVENING,14:00,22:00,SCHEDULED,MOCK
DA00762,D085,B0254,R0254,C0762,2026-09-23,NIGHT,22:00,06:00,SCHEDULED,MOCK
DA00763,D085,B0255,R0255,C0763,2026-09-23,MORNING,06:00,14:00,SCHEDULED,MOCK
DA00764,D085,B0255,R0255,C0764,2026-09-23,EVENING,14:00,22:00,SCHEDULED,MOCK
DA00765,D085,B0255,R0255,C0765,2026-09-23,NIGHT,22:00,06:00,SCHEDULED,MOCK
DA00766,D086,B0256,R0256,C0766,2026-09-23,MORNING,06:00,14:00,SCHEDULED,MOCK
DA00767,D086,B0256,R0256,C0767,2026-09-23,EVENING,14:00,22:00,SCHEDULED,MOCK
DA00768,D086,B0256,R0256,C0768,2026-09-23,NIGHT,22:00,06:00,SCHEDULED,MOCK
DA00769,D086,B0257,R0257,C0769,2026-09-23,MORNING,06:00,14:00,SCHEDULED,MOCK
DA00770,D086,B0257,R0257,C0770,2026-09-23,EVENING,14:00,22:00,SCHEDULED,MOCK
DA00771,D086,B0257,R0257,C0771,2026-09-23,NIGHT,22:00,06:00,SCHEDULED,MOCK
DA00772,D086,B0258,R0258,C0772,2026-09-23,MORNING,06:00,14:00,SCHEDULED,MOCK
DA00773,D086,B0258,R0258,C0773,2026-09-23,EVENING,14:00,22:00,SCHEDULED,MOCK
DA00774,D086,B0258,R0258,C0774,2026-09-23,NIGHT,22:00,06:00,SCHEDULED,MOCK
DA00775,D087,B0259,R0259,C0775,2026-09-23,MORNING,06:00,14:00,SCHEDULED,MOCK
DA00776,D087,B0259,R0259,C0776,2026-09-23,EVENING,14:00,22:00,SCHEDULED,MOCK
DA00777,D087,B0259,R0259,C0777,2026-09-23,NIGHT,22:00,06:00,SCHEDULED,MOCK
DA00778,D087,B0260,R0260,C0778,2026-09-23,MORNING,06:00,14:00,SCHEDULED,MOCK
DA00779,D087,B0260,R0260,C0779,2026-09-23,EVENING,14:00,22:00,SCHEDULED,MOCK
DA00780,D087,B0260,R0260,C0780,2026-09-23,NIGHT,22:00,06:00,SCHEDULED,MOCK
DA00781,D087,B0261,R0261,C0781,2026-09-23,MORNING,06:00,14:00,SCHEDULED,MOCK
DA00782,D087,B0261,R0261,C0782,2026-09-23,EVENING,14:00,22:00,SCHEDULED,MOCK
DA00783,D087,B0261,R0261,C0783,2026-09-23,NIGHT,22:00,06:00,SCHEDULED,MOCK
DA00784,D088,B0262,R0262,C0784,2026-09-23,MORNING,06:00,14:00,SCHEDULED,MOCK
DA00785,D088,B0262,R0262,C0785,2026-09-23,EVENING,14:00,22:00,SCHEDULED,MOCK
DA00786,D088,B0262,R0262,C0786,2026-09-23,NIGHT,22:00,06:00,SCHEDULED,MOCK
DA00787,D088,B0263,R0263,C0787,2026-09-23,MORNING,06:00,14:00,SCHEDULED,MOCK
DA00788,D088,B0263,R0263,C0788,2026-09-23,EVENING,14:00,22:00,SCHEDULED,MOCK
DA00789,D088,B0263,R0263,C0789,2026-09-23,NIGHT,22:00,06:00,SCHEDULED,MOCK
DA00790,D088,B0264,R0264,C0790,2026-09-23,MORNING,06:00,14:00,SCHEDULED,MOCK
DA00791,D088,B0264,R0264,C0791,2026-09-23,EVENING,14:00,22:00,SCHEDULED,MOCK
DA00792,D088,B0264,R0264,C0792,2026-09-23,NIGHT,22:00,06:00,SCHEDULED,MOCK
DA00793,D089,B0265,R0265,C0793,2026-09-23,MORNING,06:00,14:00,SCHEDULED,MOCK
DA00794,D089,B0265,R0265,C0794,2026-09-23,EVENING,14:00,22:00,SCHEDULED,MOCK
DA00795,D089,B0265,R0265,C0795,2026-09-23,NIGHT,22:00,06:00,SCHEDULED,MOCK
DA00796,D089,B0266,R0266,C0796,2026-09-23,MORNING,06:00,14:00,SCHEDULED,MOCK
DA00797,D089,B0266,R0266,C0797,2026-09-23,EVENING,14:00,22:00,SCHEDULED,MOCK
DA00798,D089,B0266,R0266,C0798,2026-09-23,NIGHT,22:00,06:00,SCHEDULED,MOCK
DA00799,D089,B0267,R0267,C0799,2026-09-23,MORNING,06:00,14:00,SCHEDULED,MOCK
DA00800,D089,B0267,R0267,C0800,2026-09-23,EVENING,14:00,22:00,SCHEDULED,MOCK
DA00801,D089,B0267,R0267,C0801,2026-09-23,NIGHT,22:00,06:00,SCHEDULED,MOCK
DA00802,D090,B0268,R0268,C0802,2026-09-23,MORNING,06:00,14:00,SCHEDULED,MOCK
DA00803,D090,B0268,R0268,C0803,2026-09-23,EVENING,14:00,22:00,SCHEDULED,MOCK
DA00804,D090,B0268,R0268,C0804,2026-09-23,NIGHT,22:00,06:00,SCHEDULED,MOCK
DA00805,D090,B0269,R0269,C0805,2026-09-23,MORNING,06:00,14:00,SCHEDULED,MOCK
DA00806,D090,B0269,R0269,C0806,2026-09-23,EVENING,14:00,22:00,SCHEDULED,MOCK
DA00807,D090,B0269,R0269,C0807,2026-09-23,NIGHT,22:00,06:00,SCHEDULED,MOCK
DA00808,D090,B0270,R0270,C0808,2026-09-23,MORNING,06:00,14:00,SCHEDULED,MOCK
DA00809,D090,B0270,R0270,C0809,2026-09-23,EVENING,14:00,22:00,SCHEDULED,MOCK
DA00810,D090,B0270,R0270,C0810,2026-09-23,NIGHT,22:00,06:00,SCHEDULED,MOCK
DA00811,D091,B0271,R0271,C0811,2026-09-23,MORNING,06:00,14:00,SCHEDULED,MOCK
DA00812,D091,B0271,R0271,C0812,2026-09-23,EVENING,14:00,22:00,SCHEDULED,MOCK
DA00813,D091,B0271,R0271,C0813,2026-09-23,NIGHT,22:00,06:00,SCHEDULED,MOCK
DA00814,D091,B0272,R0272,C0814,2026-09-23,MORNING,06:00,14:00,SCHEDULED,MOCK
DA00815,D091,B0272,R0272,C0815,2026-09-23,EVENING,14:00,22:00,SCHEDULED,MOCK
DA00816,D091,B0272,R0272,C0816,2026-09-23,NIGHT,22:00,06:00,SCHEDULED,MOCK
DA00817,D091,B0273,R0273,C0817,2026-09-23,MORNING,06:00,14:00,SCHEDULED,MOCK
DA00818,D091,B0273,R0273,C0818,2026-09-23,EVENING,14:00,22:00,SCHEDULED,MOCK
DA00819,D091,B0273,R0273,C0819,2026-09-23,NIGHT,22:00,06:00,SCHEDULED,MOCK
DA00820,D092,B0274,R0274,C0820,2026-09-23,MORNING,06:00,14:00,SCHEDULED,MOCK
DA00821,D092,B0274,R0274,C0821,2026-09-23,EVENING,14:00,22:00,SCHEDULED,MOCK
DA00822,D092,B0274,R0274,C0822,2026-09-23,NIGHT,22:00,06:00,SCHEDULED,MOCK
DA00823,D092,B0275,R0275,C0823,2026-09-23,MORNING,06:00,14:00,SCHEDULED,MOCK
DA00824,D092,B0275,R0275,C0824,2026-09-23,EVENING,14:00,22:00,SCHEDULED,MOCK
DA00825,D092,B0275,R0275,C0825,2026-09-23,NIGHT,22:00,06:00,SCHEDULED,MOCK
DA00826,D092,B0276,R0276,C0826,2026-09-23,MORNING,06:00,14:00,SCHEDULED,MOCK
DA00827,D092,B0276,R0276,C0827,2026-09-23,EVENING,14:00,22:00,SCHEDULED,MOCK
DA00828,D092,B0276,R0276,C0828,2026-09-23,NIGHT,22:00,06:00,SCHEDULED,MOCK
DA00829,D093,B0277,R0277,C0829,2026-09-23,MORNING,06:00,14:00,SCHEDULED,MOCK
DA00830,D093,B0277,R0277,C0830,2026-09-23,EVENING,14:00,22:00,SCHEDULED,MOCK
DA00831,D093,B0277,R0277,C0831,2026-09-23,NIGHT,22:00,06:00,SCHEDULED,MOCK
DA00832,D093,B0278,R0278,C0832,2026-09-23,MORNING,06:00,14:00,SCHEDULED,MOCK
DA00833,D093,B0278,R0278,C0833,2026-09-23,EVENING,14:00,22:00,SCHEDULED,MOCK
DA00834,D093,B0278,R0278,C0834,2026-09-23,NIGHT,22:00,06:00,SCHEDULED,MOCK
DA00835,D093,B0279,R0279,C0835,2026-09-23,MORNING,06:00,14:00,SCHEDULED,MOCK
DA00836,D093,B0279,R0279,C0836,2026-09-23,EVENING,14:00,22:00,SCHEDULED,MOCK
DA00837,D093,B0279,R0279,C0837,2026-09-23,NIGHT,22:00,06:00,SCHEDULED,MOCK
DA00838,D094,B0280,R0280,C0838,2026-09-23,MORNING,06:00,14:00,SCHEDULED,MOCK
DA00839,D094,B0280,R0280,C0839,2026-09-23,EVENING,14:00,22:00,SCHEDULED,MOCK
DA00840,D094,B0280,R0280,C0840,2026-09-23,NIGHT,22:00,06:00,SCHEDULED,MOCK
DA00841,D094,B0281,R0281,C0841,2026-09-23,MORNING,06:00,14:00,SCHEDULED,MOCK
DA00842,D094,B0281,R0281,C0842,2026-09-23,EVENING,14:00,22:00,SCHEDULED,MOCK
DA00843,D094,B0281,R0281,C0843,2026-09-23,NIGHT,22:00,06:00,SCHEDULED,MOCK
DA00844,D094,B0282,R0282,C0844,2026-09-23,MORNING,06:00,14:00,SCHEDULED,MOCK
DA00845,D094,B0282,R0282,C0845,2026-09-23,EVENING,14:00,22:00,SCHEDULED,MOCK
DA00846,D094,B0282,R0282,C0846,2026-09-23,NIGHT,22:00,06:00,SCHEDULED,MOCK
DA00847,D095,B0283,R0283,C0847,2026-09-23,MORNING,06:00,14:00,SCHEDULED,MOCK
DA00848,D095,B0283,R0283,C0848,2026-09-23,EVENING,14:00,22:00,SCHEDULED,MOCK
DA00849,D095,B0283,R0283,C0849,2026-09-23,NIGHT,22:00,06:00,SCHEDULED,MOCK
DA00850,D095,B0284,R0284,C0850,2026-09-23,MORNING,06:00,14:00,SCHEDULED,MOCK
DA00851,D095,B0284,R0284,C0851,2026-09-23,EVENING,14:00,22:00,SCHEDULED,MOCK
DA00852,D095,B0284,R0284,C0852,2026-09-23,NIGHT,22:00,06:00,SCHEDULED,MOCK
DA00853,D095,B0285,R0285,C0853,2026-09-23,MORNING,06:00,14:00,SCHEDULED,MOCK
DA00854,D095,B0285,R0285,C0854,2026-09-23,EVENING,14:00,22:00,SCHEDULED,MOCK
DA00855,D095,B0285,R0285,C0855,2026-09-23,NIGHT,22:00,06:00,SCHEDULED,MOCK
DA00856,D096,B0286,R0286,C0856,2026-09-23,MORNING,06:00,14:00,SCHEDULED,MOCK
DA00857,D096,B0286,R0286,C0857,2026-09-23,EVENING,14:00,22:00,SCHEDULED,MOCK
DA00858,D096,B0286,R0286,C0858,2026-09-23,NIGHT,22:00,06:00,SCHEDULED,MOCK
DA00859,D096,B0287,R0287,C0859,2026-09-23,MORNING,06:00,14:00,SCHEDULED,MOCK
DA00860,D096,B0287,R0287,C0860,2026-09-23,EVENING,14:00,22:00,SCHEDULED,MOCK
DA00861,D096,B0287,R0287,C0861,2026-09-23,NIGHT,22:00,06:00,SCHEDULED,MOCK
DA00862,D096,B0288,R0288,C0862,2026-09-23,MORNING,06:00,14:00,SCHEDULED,MOCK
DA00863,D096,B0288,R0288,C0863,2026-09-23,EVENING,14:00,22:00,SCHEDULED,MOCK
DA00864,D096,B0288,R0288,C0864,2026-09-23,NIGHT,22:00,06:00,SCHEDULED,MOCK
DA00865,D097,B0289,R0289,C0865,2026-09-23,MORNING,06:00,14:00,SCHEDULED,MOCK
DA00866,D097,B0289,R0289,C0866,2026-09-23,EVENING,14:00,22:00,SCHEDULED,MOCK
DA00867,D097,B0289,R0289,C0867,2026-09-23,NIGHT,22:00,06:00,SCHEDULED,MOCK
DA00868,D097,B0290,R0290,C0868,2026-09-23,MORNING,06:00,14:00,SCHEDULED,MOCK
DA00869,D097,B0290,R0290,C0869,2026-09-23,EVENING,14:00,22:00,SCHEDULED,MOCK
DA00870,D097,B0290,R0290,C0870,2026-09-23,NIGHT,22:00,06:00,SCHEDULED,MOCK
DA00871,D097,B0291,R0291,C0871,2026-09-23,MORNING,06:00,14:00,SCHEDULED,MOCK
DA00872,D097,B0291,R0291,C0872,2026-09-23,EVENING,14:00,22:00,SCHEDULED,MOCK
DA00873,D097,B0291,R0291,C0873,2026-09-23,NIGHT,22:00,06:00,SCHEDULED,MOCK
